"<1783681668629>" ,-0.33892086,0.34407017,0.15455684,0.8618936,2.6589937,-0.68862313,6.3643665
"<1783681668655>" ,-0.34029794,0.34365034,0.15401049,0.8616162,2.6588168,-0.6887515,6.363649
"<1783681668673>" ,-0.34087583,0.3432085,0.1539253,0.8615791,2.6587286,-0.68884987,6.3633423
"<1783681668708>" ,-0.34083256,0.34290236,0.15330277,0.86182904,2.6589034,-0.68860155,6.363011
"<1783681668741>" ,-0.3399094,0.34229216,0.15218966,0.8626332,2.6593208,-0.68825924,6.362873
"<1783681668773>" ,-0.33897856,0.34201133,0.15124744,0.8632763,2.6597962,-0.68789285,6.3627124
"<1783681668808>" ,-0.33891693,0.3416613,0.15084131,0.8635101,2.660049,-0.68785137,6.362421
"<1783681668841>" ,-0.33973607,0.34162474,0.15059829,0.86324507,2.660113,-0.68802226,6.3620276
"<1783681668874>" ,-0.3404669,0.34184492,0.15017153,0.8629443,2.6601565,-0.68825865,6.3616896
"<1783681668909>" ,-0.34094167,0.3420052,0.15007006,0.86271095,2.6601272,-0.68849796,6.3615866
"<1783681668941>" ,-0.34154847,0.34190634,0.14995272,0.8625305,2.6600506,-0.6886702,6.361576
"<1783681668974>" ,-0.3415234,0.3430204,0.14975585,0.86213225,2.6599388,-0.6886094,6.3618307
"<1783681669008>" ,-0.3411697,0.34339103,0.1504441,0.8620049,2.6597214,-0.6888305,6.3621073
"<1783681669040>" ,-0.34154677,0.34373397,0.15205075,0.8614368,2.6593552,-0.68919635,6.362096
"<1783681669073>" ,-0.34223533,0.3441786,0.15294509,0.8608274,2.6590803,-0.68937033,6.3617373
"<1783681669107>" ,-0.34205186,0.34460434,0.15295054,0.8607291,2.6591694,-0.6895745,6.3613224
"<1783681669140>" ,-0.3417163,0.34455928,0.15347877,0.8607863,2.6592174,-0.6900851,6.360756
"<1783681669175>" ,-0.3421664,0.3433158,0.15516402,0.86080223,2.6588016,-0.6907469,6.3599024
"<1783681669206>" ,-0.34310046,0.34200883,0.157087,0.86060196,2.6582217,-0.6916213,6.3586793
"<1783681669241>" ,-0.34466416,0.34021217,0.15807022,0.8605092,2.6576715,-0.69251984,6.357125
"<1783681669274>" ,-0.34560356,0.33929083,0.15822741,0.8604673,2.6572592,-0.6934148,6.3557043
"<1783681669307>" ,-0.34724295,0.33831802,0.15894358,0.86005825,2.6566186,-0.69429284,6.3539424
"<1783681669341>" ,-0.34913555,0.33704484,0.16024624,0.85955006,2.6556342,-0.6955132,6.3521037
"<1783681669375>" ,-0.34999874,0.33538815,0.1613648,0.85963774,2.6544778,-0.6969541,6.350246
"<1783681669407>" ,-0.35032836,0.33427486,0.1628683,0.85965365,2.6532686,-0.698582,6.348465
"<1783681669441>" ,-0.3521121,0.33377683,0.16488671,0.85873306,2.6518037,-0.70040864,6.3463287
"<1783681669475>" ,-0.35590202,0.33454716,0.1657215,0.8567079,2.6502829,-0.70209396,6.343767
"<1783681669510>" ,-0.358568,0.33771947,0.16492271,0.85450286,2.649083,-0.7034193,6.34153
"<1783681669543>" ,-0.35949427,0.3369403,0.1657199,0.85426694,2.6476915,-0.70471334,6.3394446
"<1783681669576>" ,-0.35754114,0.3332409,0.16734865,0.856218,2.6462142,-0.70589733,6.3379254
"<1783681669607>" ,-0.35462666,0.33096588,0.16819048,0.85814536,2.644886,-0.7068737,6.336534
"<1783681669642>" ,-0.35207224,0.33149067,0.16838677,0.85895574,2.6435246,-0.70788395,6.3351355
"<1783681669677>" ,-0.3508657,0.3314894,0.1708656,0.8589604,2.6414053,-0.7096712,6.333427
"<1783681669708>" ,-0.35321838,0.32992497,0.17558725,0.8576453,2.638318,-0.7124984,6.330966
"<1783681669742>" ,-0.35734144,0.32905927,0.17912291,0.85553616,2.6350956,-0.71577454,6.327991
"<1783681669776>" ,-0.36076045,0.3295304,0.1813884,0.85344,2.6322327,-0.71883565,6.32508
"<1783681669808>" ,-0.36239663,0.33011445,0.18362431,0.8520418,2.6295853,-0.72206,6.3221807
"<1783681669843>" ,-0.36399776,0.3292508,0.1851443,0.8513642,2.6270294,-0.72531646,6.3189416
"<1783681669877>" ,-0.36554715,0.3276213,0.18524168,0.85130787,2.624747,-0.72799474,6.3153563
"<1783681669910>" ,-0.36582145,0.32927558,0.18333972,0.8509634,2.6228902,-0.7304093,6.311877
"<1783681669943>" ,-0.36735475,0.33243015,0.18200496,0.8493614,2.6208062,-0.7331404,6.308083
"<1783681669977>" ,-0.36929774,0.33204922,0.18287635,0.8484802,2.618098,-0.7362736,6.3040156
"<1783681670010>" ,-0.3696362,0.33461025,0.18313278,0.84727055,2.6157432,-0.739091,6.300043
"<1783681670044>" ,-0.3711517,0.33511633,0.1831702,0.8463995,2.613258,-0.7420166,6.2955675
"<1783681670077>" ,-0.37218928,0.33552134,0.1830909,0.84580034,2.6108828,-0.744519,6.291328
"<1783681670110>" ,-0.3732053,0.3369564,0.18277197,0.8448506,2.6084397,-0.74707615,6.286943
"<1783681670144>" ,-0.37332168,0.33702508,0.18183379,0.8449743,2.6059942,-0.74978834,6.2825255
"<1783681670178>" ,-0.37388298,0.338913,0.18054296,0.8442474,2.603416,-0.7525607,6.27837
"<1783681670209>" ,-0.3762298,0.34057942,0.1807614,0.84248567,2.6002483,-0.7560016,6.273995
"<1783681670244>" ,-0.37891597,0.34019667,0.18217763,0.8411303,2.59666,-0.7600407,6.269757
"<1783681670278>" ,-0.38105923,0.34048212,0.18435043,0.8395718,2.593231,-0.7639294,6.2661686
"<1783681670311>" ,-0.38268983,0.3407904,0.18622476,0.83829033,2.5897505,-0.76774377,6.262929
"<1783681670345>" ,-0.38467938,0.34124932,0.18747263,0.83691376,2.586273,-0.77124834,6.2598987
"<1783681670378>" ,-0.38606334,0.34270757,0.1892942,0.83526903,2.582988,-0.7740784,6.257309
"<1783681670410>" ,-0.38596284,0.3417991,0.19095439,0.83530986,2.5798442,-0.7765235,6.2548227
"<1783681670445>" ,-0.38614458,0.3409059,0.1914184,0.8354845,2.5767689,-0.7785952,6.2523546
"<1783681670478>" ,-0.3862387,0.34316766,0.19230701,0.8343103,2.573889,-0.7801138,6.250106
"<1783681670511>" ,-0.3854895,0.34218124,0.19586031,0.8342353,2.5704725,-0.78198767,6.2480364
"<1783681670544>" ,-0.3840463,0.34099776,0.19970037,0.8344751,2.5670726,-0.7839601,6.2461967
"<1783681670579>" ,-0.38311186,0.3425412,0.20148037,0.83384436,2.5643106,-0.7854161,6.2443857
"<1783681670611>" ,-0.3832503,0.3446758,0.20270953,0.8326024,2.561574,-0.78683263,6.2424774
"<1783681670645>" ,-0.38388115,0.34541154,0.20394671,0.8317042,2.5589533,-0.78825325,6.240412
"<1783681670679>" ,-0.383659,0.34523162,0.20311102,0.8320858,2.5571363,-0.789166,6.2384706
"<1783681670714>" ,-0.38377875,0.34595293,0.20147984,0.8321275,2.5556185,-0.78990406,6.2366486
"<1783681670748>" ,-0.38470837,0.3452152,0.20183475,0.83191866,2.5538256,-0.79095566,6.234842
"<1783681670780>" ,-0.38581762,0.34238818,0.20365097,0.83213055,2.5517232,-0.7921859,6.2331114
"<1783681670812>" ,-0.38600954,0.34072772,0.20463865,0.8324808,2.550403,-0.7931207,6.231838
"<1783681670846>" ,-0.38612697,0.3398491,0.20452605,0.8328131,2.5494387,-0.79376346,6.230767
"<1783681670879>" ,-0.38634062,0.34036547,0.20476954,0.8324432,2.5483975,-0.79436576,6.2299476
"<1783681670911>" ,-0.38587242,0.342174,0.20564482,0.8317028,2.5476577,-0.79501826,6.22954
"<1783681670946>" ,-0.38601986,0.34282464,0.20757057,0.8308877,2.5467062,-0.795888,6.229149
"<1783681670979>" ,-0.3862319,0.3446099,0.21000981,0.8294364,2.5457366,-0.79686797,6.2289157
"<1783681671015>" ,-0.38620004,0.34511855,0.21253806,0.8285953,2.5450182,-0.7979312,6.228678
"<1783681671046>" ,-0.38672107,0.34518558,0.21414295,0.8279109,2.5444043,-0.7988173,6.2284026
"<1783681671079>" ,-0.38692325,0.34698284,0.2142386,0.82703996,2.5440607,-0.7991855,6.228194
"<1783681671113>" ,-0.3869725,0.34706968,0.21497548,0.82678926,2.5438004,-0.7995734,6.227942
"<1783681671146>" ,-0.386546,0.3466606,0.21620867,0.8268388,2.543515,-0.8001718,6.2277365
"<1783681671181>" ,-0.38624147,0.34575054,0.21800949,0.82688934,2.5431697,-0.80077165,6.227439
"<1783681671216>" ,-0.38680407,0.34423625,0.21909353,0.8269716,2.5429046,-0.80132693,6.2268953
"<1783681671247>" ,-0.3871441,0.34402156,0.21851179,0.82705575,2.5429394,-0.80163646,6.226399
"<1783681671281>" ,-0.38761023,0.34568387,0.21823314,0.8262174,2.542848,-0.8019099,6.2259536
"<1783681671314>" ,-0.38860077,0.3446417,0.21936715,0.8258872,2.5425706,-0.8025901,6.2254167
"<1783681671347>" ,-0.38948098,0.34607598,0.21901104,0.8249667,2.5426915,-0.8030872,6.2251534
"<1783681671381>" ,-0.39138153,0.34967554,0.21712695,0.82304525,2.5427039,-0.8034316,6.2248373
"<1783681671414>" ,-0.3928907,0.35096863,0.21747375,0.82168305,2.5424623,-0.8042226,6.2244587
"<1783681671448>" ,-0.3933753,0.3515187,0.2178251,0.8211228,2.5423627,-0.8050695,6.224355
"<1783681671481>" ,-0.39428774,0.3519954,0.2183196,0.8203493,2.5423057,-0.8059215,6.224187
"<1783681671513>" ,-0.3943826,0.35175586,0.21853174,0.82034993,2.5422075,-0.8068117,6.223999
"<1783681671548>" ,-0.39452028,0.35195392,0.21864416,0.8201688,2.542188,-0.80760837,6.223838
"<1783681671582>" ,-0.39518526,0.35220858,0.2181926,0.81985945,2.5422518,-0.80808127,6.2236185
"<1783681671615>" ,-0.39528397,0.35141867,0.21772432,0.8202753,2.5422425,-0.808222,6.2236238
"<1783681671647>" ,-0.39484692,0.351466,0.21757825,0.82050425,2.5421512,-0.8082688,6.2239566
"<1783681671681>" ,-0.39309442,0.35149574,0.21898268,0.82095927,2.5416822,-0.80864984,6.2244983
"<1783681671714>" ,-0.39181235,0.35213315,0.22151557,0.82061934,2.5408857,-0.80948895,6.2248144
"<1783681671748>" ,-0.39205176,0.35236403,0.22275968,0.82006896,2.539992,-0.8105578,6.2246
"<1783681671782>" ,-0.39303303,0.35243472,0.22299771,0.8195041,2.5390203,-0.811576,6.2239757
"<1783681671815>" ,-0.39457342,0.35235155,0.22269168,0.8188825,2.5381875,-0.8125267,6.2230444
"<1783681671848>" ,-0.39522612,0.35173005,0.221754,0.8190894,2.537548,-0.8132102,6.2220902
"<1783681671883>" ,-0.39529464,0.35206386,0.22048426,0.81925565,2.5370536,-0.8136056,6.221346
"<1783681671915>" ,-0.3952084,0.35247758,0.22054483,0.8191031,2.5364149,-0.8142264,6.220798
"<1783681671948>" ,-0.39537248,0.35160923,0.221333,0.8191845,2.5356553,-0.81516814,6.220362
"<1783681671982>" ,-0.39540318,0.35144493,0.22117761,0.8192821,2.5351312,-0.81598496,6.2200794
"<1783681672014>" ,-0.39559534,0.35195965,0.22131184,0.81893206,2.5348248,-0.8165069,6.2199097
"<1783681672049>" ,-0.39578235,0.35196224,0.22091816,0.81894696,2.5346751,-0.81681406,6.2196045
"<1783681672083>" ,-0.39600408,0.35233107,0.21985379,0.8189676,2.5345323,-0.8170503,6.219112
"<1783681672115>" ,-0.39580393,0.35272902,0.21994348,0.81886894,2.5344028,-0.8173156,6.2188334
"<1783681672150>" ,-0.39561966,0.3530722,0.21982391,0.8188422,2.53427,-0.8173829,6.2186065
"<1783681672183>" ,-0.39543313,0.3533629,0.21950862,0.81889147,2.5341907,-0.8174164,6.2185154
"<1783681672215>" ,-0.3948442,0.35388854,0.21931998,0.8189992,2.53426,-0.8175005,6.2185645
"<1783681672250>" ,-0.39507765,0.35444295,0.21959989,0.8185717,2.5342593,-0.8175129,6.2184567
"<1783681672283>" ,-0.39490935,0.35467657,0.21941267,0.81860197,2.5344841,-0.81731373,6.218312
"<1783681672316>" ,-0.3937891,0.35495868,0.21986659,0.8188975,2.5348835,-0.81709594,6.2186084
"<1783681672349>" ,-0.39332372,0.35514918,0.2201948,0.8189504,2.5353787,-0.8169303,6.2189527
"<1783681672383>" ,-0.39395058,0.35500112,0.2189418,0.8190492,2.5358484,-0.816872,6.21898
"<1783681672416>" ,-0.39276573,0.35671046,0.21616596,0.81961274,2.5370455,-0.81666464,6.2190847
"<1783681672450>" ,-0.38956147,0.35889998,0.21134779,0.82144064,2.5389771,-0.81673074,6.2189198
"<1783681672484>" ,-0.38755032,0.361261,0.20244448,0.82359666,2.541514,-0.8172686,6.2181597
"<1783681672516>" ,-0.38880375,0.36267588,0.19417967,0.8243738,2.5438943,-0.8185836,6.21658
"<1783681672550>" ,-0.3899068,0.36352447,0.18620454,0.82531846,2.5461192,-0.8203413,6.2147713
"<1783681672583>" ,-0.39230716,0.3659589,0.17862847,0.8247794,2.5481322,-0.82206416,6.212902
"<1783681672616>" ,-0.3964068,0.3683896,0.17339826,0.822851,2.5493855,-0.8237447,6.2107434
"<1783681672651>" ,-0.39890096,0.36866817,0.17002921,0.82222366,2.549958,-0.8250943,6.2091017
"<1783681672685>" ,-0.39916041,0.36821383,0.17049244,0.8222055,2.549736,-0.8260337,6.2084336
"<1783681672716>" ,-0.39768213,0.36704332,0.17635639,0.82220834,2.548478,-0.8268947,6.2088275
"<1783681672750>" ,-0.39424577,0.36604616,0.18410973,0.8226082,2.546605,-0.8276203,6.210195
"<1783681672785>" ,-0.39090404,0.36611974,0.19197993,0.82237095,2.5445962,-0.82812023,6.211884
"<1783681672818>" ,-0.38727716,0.3673958,0.19795406,0.82210153,2.543169,-0.82793653,6.213198
"<1783681672851>" ,-0.3857762,0.3685921,0.20078684,0.8215846,2.5423408,-0.82747096,6.213436
"<1783681672884>" ,-0.38640866,0.3687807,0.20200275,0.8209044,2.5416605,-0.82687736,6.212927
"<1783681672917>" ,-0.38653183,0.36925068,0.2012855,0.82081133,2.5415761,-0.8264498,6.212025
"<1783681672952>" ,-0.38726205,0.36949098,0.20104425,0.82041806,2.5414126,-0.8261922,6.210891
"<1783681672985>" ,-0.387009,0.36974266,0.20159136,0.82028973,2.5407653,-0.82573587,6.2102046
"<1783681673017>" ,-0.38433766,0.37087974,0.20251007,0.8208059,2.540179,-0.8250747,6.210001
"<1783681673053>" ,-0.3814729,0.37299782,0.20479426,0.8206158,2.5393848,-0.8244537,6.2099113
"<1783681673086>" ,-0.37837988,0.373306,0.20925196,0.8207831,2.538142,-0.8239787,6.2097816
"<1783681673118>" ,-0.37426353,0.37350738,0.21323046,0.82155454,2.5369534,-0.8235936,6.2098804
"<1783681673151>" ,-0.37085718,0.374993,0.2152423,0.82189775,2.5359282,-0.8228115,6.2098203
"<1783681673185>" ,-0.370956,0.37538072,0.21678329,0.82127094,2.5345578,-0.82206666,6.2093725
"<1783681673220>" ,-0.37127423,0.37440118,0.2185855,0.8210966,2.5334315,-0.8216995,6.2087116
"<1783681673253>" ,-0.37284184,0.37330386,0.21986043,0.8205453,2.5324614,-0.82122844,6.2082505
"<1783681673286>" ,-0.3729314,0.3711288,0.22080648,0.82123697,2.531914,-0.82057786,6.2082386
"<1783681673318>" ,-0.37428588,0.37030396,0.22213377,0.82063484,2.5316644,-0.8204297,6.2086678
"<1783681673352>" ,-0.37389547,0.36934793,0.22343509,0.82089037,2.5319133,-0.8205275,6.2096744
"<1783681673386>" ,-0.3732954,0.36796677,0.22591756,0.8211043,2.5320048,-0.8208594,6.210833
"<1783681673419>" ,-0.37243655,0.36759868,0.22985804,0.82056534,2.5316007,-0.8211315,6.211943
"<1783681673452>" ,-0.37173963,0.36725807,0.23351388,0.8200014,2.5309782,-0.8211414,6.212746
"<1783681673486>" ,-0.37174633,0.36680287,0.2371094,0.81916994,2.5302043,-0.8208843,6.2130504
"<1783681673519>" ,-0.3724079,0.36689696,0.2406735,0.81778675,2.5291686,-0.8205266,6.2131386
"<1783681673553>" ,-0.37315992,0.36695394,0.24410164,0.8164012,2.5283127,-0.820019,6.2131805
"<1783681673587>" ,-0.37321633,0.36711812,0.24636246,0.81562203,2.5279121,-0.8191631,6.213333
"<1783681673619>" ,-0.37363368,0.36661977,0.24862053,0.81496966,2.5275424,-0.8181537,6.2134137
"<1783681673653>" ,-0.37275612,0.36558238,0.25092378,0.81513166,2.527604,-0.8171668,6.213739
"<1783681673687>" ,-0.3708653,0.36348146,0.2531476,0.81624526,2.5280652,-0.81660104,6.214246
"<1783681673719>" ,-0.36983573,0.36078766,0.25625485,0.8169376,2.5285425,-0.8165928,6.214744
"<1783681673753>" ,-0.37192574,0.36009336,0.25880745,0.8154892,2.5291727,-0.8167022,6.214706
"<1783681673786>" ,-0.3753108,0.3604525,0.2586986,0.8138125,2.5303426,-0.8162632,6.214266
"<1783681673819>" ,-0.37701294,0.3614424,0.25750506,0.8129648,2.5317614,-0.8154254,6.2143135
"<1783681673854>" ,-0.37744683,0.36210915,0.25690842,0.81265545,2.5331807,-0.81432766,6.214722
"<1783681673887>" ,-0.37595686,0.36132333,0.257339,0.8135591,2.534281,-0.813274,6.216202
"<1783681673921>" ,-0.3752918,0.3618236,0.25871262,0.8132082,2.5351977,-0.8122317,6.217548
"<1783681673953>" ,-0.37626922,0.36241186,0.26016623,0.8120299,2.5359535,-0.811068,6.21853
"<1783681673988>" ,-0.3758712,0.3624193,0.2617202,0.8117115,2.536911,-0.8095208,6.219881
"<1783681674022>" ,-0.37496418,0.36317095,0.26229492,0.8116095,2.5383446,-0.8072673,6.2201204
"<1783681674054>" ,-0.37363076,0.36363882,0.26171133,0.81220317,2.5398552,-0.8043223,6.2214885
"<1783681674089>" ,-0.3713557,0.36348063,0.2619571,0.8132375,2.541434,-0.80104107,6.2235847
"<1783681674121>" ,-0.36821446,0.36236656,0.2629899,0.8148281,2.5430613,-0.79754573,6.2258625
"<1783681674155>" ,-0.3651818,0.36201814,0.26376417,0.81609654,2.544747,-0.79376566,6.228144
"<1783681674188>" ,-0.36258373,0.36133802,0.26570156,0.8169275,2.5462584,-0.78995675,6.2303634
"<1783681674222>" ,-0.35960945,0.3604741,0.26878315,0.81761545,2.5475469,-0.78619415,6.2326
"<1783681674255>" ,-0.3576788,0.36000797,0.27092034,0.8179622,2.5487278,-0.7821855,6.2345686
"<1783681674289>" ,-0.35663104,0.36192796,0.27017182,0.81782,2.5501854,-0.77768844,6.236196
"<1783681674321>" ,-0.3550445,0.36405107,0.26897702,0.8179618,2.5516322,-0.7729628,6.238034
"<1783681674356>" ,-0.35304958,0.3643368,0.2693319,0.81858104,2.5525613,-0.76855636,6.2400403
"<1783681674387>" ,-0.3503207,0.3641232,0.26975963,0.8197069,2.5532982,-0.7641583,6.2422767
"<1783681674421>" ,-0.34726697,0.36442697,0.27005234,0.8207742,2.5541017,-0.7594319,6.244802
"<1783681674455>" ,-0.34480542,0.36425087,0.26932013,0.8221296,2.5549042,-0.7545261,6.247452
"<1783681674489>" ,-0.3425024,0.36396432,0.26439542,0.8248135,2.5561748,-0.74639595,6.2516966
"<1783681674522>" ,-0.33984545,0.36422116,0.26030332,0.8270974,2.5570736,-0.7406109,6.255303
"<1783681674556>" ,-0.33656555,0.36361182,0.25792468,0.8294485,2.5574048,-0.73520136,6.2596006
"<1783681674588>" ,-0.33295214,0.36365184,0.257004,0.83117336,2.557027,-0.7304298,6.2645597
"<1783681674622>" ,-0.32958314,0.36420196,0.25658324,0.8324043,2.5563025,-0.726161,6.2700863
"<1783681674656>" ,-0.3273061,0.3662319,0.25641465,0.83246404,2.555146,-0.7226061,6.275968
"<1783681674690>" ,-0.32609293,0.36857164,0.2567979,0.83178914,2.553491,-0.7198509,6.2820597
"<1783681674724>" ,-0.3254892,0.37093025,0.25731504,0.83081675,2.5514395,-0.7177789,6.288531
"<1783681674756>" ,-0.3240361,0.37331337,0.25670636,0.8305056,2.5493126,-0.7160898,6.2954197
"<1783681674791>" ,-0.32324922,0.37660262,0.25560778,0.82966554,2.5473318,-0.714529,6.3026366
"<1783681674824>" ,-0.3248941,0.3793566,0.25499523,0.8279552,2.54437,-0.7139541,6.309591
"<1783681674856>" ,-0.32810584,0.38167185,0.2544327,0.8257948,2.540958,-0.71391803,6.31644
"<1783681674890>" ,-0.32962215,0.38575006,0.25227016,0.82395744,2.538241,-0.71373105,6.3238125
"<1783681674925>" ,-0.33071032,0.3889081,0.24991989,0.82275224,2.5353343,-0.7139116,6.331372
"<1783681674957>" ,-0.33123508,0.3907256,0.24837181,0.82214856,2.5321586,-0.7142701,6.3390303
"<1783681674990>" ,-0.33154157,0.39398825,0.24653679,0.82101953,2.5286791,-0.7145381,6.346571
"<1783681675024>" ,-0.3326505,0.39863825,0.24563105,0.8185942,2.5250187,-0.71522814,6.354068
"<1783681675056>" ,-0.3334853,0.40160248,0.24696788,0.8164005,2.520912,-0.71637255,6.3614798
"<1783681675090>" ,-0.33293855,0.40339905,0.24875414,0.8151948,2.5166733,-0.71784455,6.368835
"<1783681675124>" ,-0.3320656,0.40618896,0.24953893,0.81392455,2.5128229,-0.7190345,6.37587
"<1783681675157>" ,-0.33236802,0.41034946,0.25019965,0.8115078,2.5088725,-0.7201206,6.382253
"<1783681675191>" ,-0.33247417,0.41450262,0.250774,0.809173,2.5048647,-0.7213744,6.3881464
"<1783681675224>" ,-0.33150434,0.41678226,0.25180146,0.8080801,2.5009267,-0.72291315,6.3936486
"<1783681675257>" ,-0.33080757,0.4189758,0.25229874,0.80707556,2.4970195,-0.7244305,6.3984866
"<1783681675292>" ,-0.33130503,0.421808,0.2519033,0.8055183,2.4929023,-0.72602224,6.4031076
"<1783681675324>" ,-0.33218583,0.42483735,0.2512072,0.803779,2.4887676,-0.72773623,6.406951
"<1783681675358>" ,-0.33231097,0.4266191,0.25072485,0.80293363,2.484581,-0.72972476,6.4102683
"<1783681675392>" ,-0.33273572,0.42845592,0.2507329,0.8017764,2.4801404,-0.73198974,6.4134655
"<1783681675425>" ,-0.33366117,0.4310427,0.2502367,0.80015874,2.4757352,-0.73457307,6.416202
"<1783681675458>" ,-0.33555618,0.434081,0.25010023,0.7977628,2.4712567,-0.7374034,6.418495
"<1783681675492>" ,-0.33608583,0.43717873,0.24855208,0.7963309,2.4675202,-0.73993635,6.4202385
"<1783681675524>" ,-0.33583876,0.4390043,0.24739687,0.7957904,2.4636297,-0.7428962,6.422029
"<1783681675559>" ,-0.33537415,0.44013298,0.24761723,0.79529417,2.4595678,-0.74626076,6.4238157
"<1783681675592>" ,-0.33579472,0.4403359,0.2482437,0.7948089,2.4552767,-0.74950546,6.4252706
"<1783681675625>" ,-0.33764496,0.44156584,0.24843644,0.7932811,2.4511845,-0.7532175,6.426254
"<1783681675658>" ,-0.33929265,0.44486865,0.2477652,0.7909391,2.4476647,-0.75706196,6.4272003
"<1783681675692>" ,-0.34166867,0.44727132,0.24769655,0.7885793,2.4441144,-0.76066804,6.4280486
"<1783681675726>" ,-0.34227133,0.44923198,0.24683917,0.7874715,2.4413254,-0.7642124,6.4292064
"<1783681675759>" ,-0.34228286,0.45000628,0.2470849,0.78694713,2.4388273,-0.7676043,6.430556
"<1783681675793>" ,-0.3426488,0.4504344,0.2480637,0.7862346,2.4366214,-0.7706306,6.4321775
"<1783681675826>" ,-0.34450147,0.45013362,0.2492248,0.7852295,2.4346209,-0.7736507,6.4332223
"<1783681675859>" ,-0.3467134,0.4505615,0.24891846,0.78410697,2.4332657,-0.7762652,6.4338827
"<1783681675893>" ,-0.3486225,0.45096016,0.24653476,0.78378433,2.4323156,-0.7785126,6.4340816
"<1783681675926>" ,-0.35121712,0.45080638,0.24498768,0.78319937,2.4316604,-0.7805285,6.4341106
"<1783681675960>" ,-0.35234144,0.44982913,0.24538541,0.78313166,2.4312022,-0.78258145,6.43432
"<1783681675994>" ,-0.3515683,0.44895267,0.24548969,0.783949,2.4305182,-0.78449315,6.4349775
"<1783681676026>" ,-0.35117716,0.45099917,0.24393153,0.78343594,2.4310098,-0.7860391,6.435096
"<1783681676059>" ,-0.3517528,0.4543268,0.24201263,0.78184843,2.431378,-0.78768647,6.4347563
"<1783681676093>" ,-0.35477045,0.45409593,0.24381618,0.7800567,2.431082,-0.78989774,6.4341516
"<1783681676126>" ,-0.35620907,0.45474455,0.2435436,0.7791078,2.4317913,-0.79174787,6.4336057
"<1783681676160>" ,-0.35593992,0.4571391,0.23828198,0.7794564,2.4338257,-0.79299283,6.4329376
"<1783681676194>" ,-0.3559311,0.458348,0.2338622,0.78008884,2.435698,-0.7941011,6.432062
"<1783681676227>" ,-0.3564504,0.4574079,0.23196638,0.7809691,2.4370122,-0.7957904,6.431091
"<1783681676261>" ,-0.35895833,0.4564217,0.23062123,0.7807957,2.4378853,-0.79784346,6.429821
"<1783681676293>" ,-0.36313263,0.45618907,0.23001145,0.77917963,2.4381826,-0.7998898,6.428746
"<1783681676327>" ,-0.36799714,0.45566368,0.23180622,0.77666885,2.4381707,-0.8023099,6.427435
"<1783681676360>" ,-0.37025937,0.45641732,0.23283568,0.7748411,2.4387567,-0.8040422,6.426605
"<1783681676395>" ,-0.36869767,0.45788205,0.23098053,0.7752767,2.4403672,-0.8048163,6.426332
"<1783681676427>" ,-0.36716235,0.45882457,0.22841084,0.7762089,2.4420488,-0.8051574,6.426218
"<1783681676460>" ,-0.36365688,0.46011367,0.22580281,0.7778575,2.443703,-0.80500317,6.42658
"<1783681676494>" ,-0.35919422,0.4611112,0.22550218,0.7794259,2.444628,-0.8045612,6.427625
"<1783681676527>" ,-0.35766947,0.46190378,0.22878405,0.778701,2.4443033,-0.8057116,6.4286084
"<1783681676560>" ,-0.35920474,0.46289194,0.23366827,0.7759524,2.4432406,-0.8071589,6.429374
"<1783681676595>" ,-0.3589454,0.46320975,0.23702665,0.7748634,2.4426763,-0.8073025,6.430347
"<1783681676628>" ,-0.35652944,0.46230787,0.23722167,0.7764561,2.4429204,-0.80698293,6.430856
"<1783681676662>" ,-0.35532907,0.46387362,0.23596226,0.77645624,2.4435823,-0.80617785,6.430941
"<1783681676694>" ,-0.3544446,0.46525756,0.235424,0.7761958,2.4439843,-0.8052835,6.431026
"<1783681676727>" ,-0.35279566,0.46476546,0.23523173,0.77729934,2.4443645,-0.80474395,6.4308476
"<1783681676762>" ,-0.35272035,0.46597484,0.23582377,0.77642965,2.4446173,-0.80455464,6.430597
"<1783681676795>" ,-0.35426623,0.4678372,0.23732032,0.7741465,2.444523,-0.80420715,6.430744
"<1783681676828>" ,-0.3559534,0.4685531,0.23905163,0.77240497,2.4442155,-0.80440414,6.430559
"<1783681676862>" ,-0.3569122,0.47144184,0.2401038,0.7698743,2.4442878,-0.8040043,6.4306436
"<1783681676895>" ,-0.35618648,0.4724256,0.2410715,0.7693047,2.4445505,-0.803604,6.4308653
"<1783681676929>" ,-0.35420758,0.47096434,0.24257088,0.7706419,2.444877,-0.80309284,6.4312415
"<1783681676961>" ,-0.35103625,0.47151464,0.24280949,0.7716807,2.445752,-0.80205107,6.431762
"<1783681676995>" ,-0.3488598,0.47061238,0.24372552,0.77292866,2.446272,-0.80096036,6.4321637
"<1783681677029>" ,-0.34784296,0.47003514,0.2450767,0.7733108,2.4466746,-0.799939,6.4324927
"<1783681677062>" ,-0.3479928,0.47061068,0.24611607,0.7725629,2.4472008,-0.7988608,6.432826
"<1783681677096>" ,-0.34718007,0.4701324,0.2468579,0.77298295,2.4478233,-0.79739034,6.4332175
"<1783681677130>" ,-0.34444165,0.4711241,0.2464665,0.77372885,2.4491684,-0.7955968,6.434038
"<1783681677162>" ,-0.34111667,0.472331,0.24580115,0.7746771,2.450725,-0.7935857,6.4349017
"<1783681677196>" ,-0.33759665,0.47091836,0.24644108,0.77687263,2.4519417,-0.7917658,6.435871
"<1783681677230>" ,-0.33535394,0.4697496,0.24825895,0.77797204,2.452987,-0.79018515,6.4368052
"<1783681677263>" ,-0.33365533,0.46912655,0.25014955,0.7784727,2.454225,-0.78845584,6.437631
"<1783681677296>" ,-0.3303652,0.47073764,0.24989566,0.77898467,2.4563618,-0.78615,6.438442
"<1783681677329>" ,-0.32862863,0.4734903,0.24854568,0.77848256,2.4586885,-0.7837454,6.439422
"<1783681677363>" ,-0.32758072,0.4736857,0.24843729,0.7788399,2.460771,-0.7816775,6.4403114
"<1783681677397>" ,-0.3260261,0.47150338,0.2493808,0.78051317,2.462663,-0.7803052,6.4411244
"<1783681677430>" ,-0.32556844,0.47170204,0.2486103,0.7808299,2.46509,-0.77854246,6.442055
"<1783681677464>" ,-0.32697758,0.47353134,0.24717855,0.77958745,2.4677215,-0.7767507,6.4429455
"<1783681677496>" ,-0.32867193,0.47320232,0.24690957,0.7791598,2.4706266,-0.775129,6.444257
"<1783681677529>" ,-0.3293026,0.47157288,0.24759004,0.7796653,2.4736629,-0.77426153,6.445655
"<1783681677563>" ,-0.3308703,0.4699423,0.24927571,0.7794489,2.47675,-0.77404237,6.447042
"<1783681677597>" ,-0.3347143,0.46800372,0.25173515,0.7781826,2.4798086,-0.77377725,6.4480934
"<1783681677630>" ,-0.33876628,0.46751168,0.25350183,0.77614886,2.482805,-0.7730365,6.4491367
"<1783681677664>" ,-0.34115985,0.46605688,0.25500962,0.7754811,2.4863904,-0.77136904,6.450578
"<1783681677698>" ,-0.3425082,0.46300372,0.25614756,0.77634025,2.490072,-0.7688933,6.452219
"<1783681677730>" ,-0.34267107,0.4617001,0.25675583,0.77684367,2.494181,-0.7653777,6.4542747
"<1783681677764>" ,-0.3417957,0.46259356,0.25699797,0.7766176,2.4988675,-0.7610513,6.4567947
"<1783681677798>" ,-0.3398484,0.4636604,0.25799194,0.77650636,2.504396,-0.75642216,6.4594717
"<1783681677831>" ,-0.33636138,0.464449,0.26030114,0.77678275,2.5102134,-0.75135523,6.462712
"<1783681677864>" ,-0.33229417,0.46433553,0.26265287,0.7778088,2.5166094,-0.74602664,6.4659276
"<1783681677898>" ,-0.3281036,0.4646746,0.263669,0.7790405,2.5239294,-0.74074066,6.468739
"<1783681677932>" ,-0.3243473,0.46410728,0.2670937,0.7797847,2.5310698,-0.7360485,6.4715014
"<1783681677965>" ,-0.3212174,0.46130022,0.27199286,0.7810515,2.5380287,-0.7322013,6.4737487
"<1783681677998>" ,-0.31889337,0.45992014,0.27453986,0.78192604,2.5452168,-0.72893536,6.475391
"<1783681678032>" ,-0.3181751,0.46199238,0.2751048,0.7807976,2.5524907,-0.7263487,6.4765067
"<1783681678065>" ,-0.31931728,0.46177298,0.2779014,0.77946967,2.5587661,-0.7249781,6.4767137
"<1783681678099>" ,-0.3212849,0.46013987,0.28054547,0.7786793,2.5643365,-0.72415245,6.4765563
"<1783681678132>" ,-0.32390705,0.45892423,0.28027976,0.7784061,2.569656,-0.7232014,6.4760604
"<1783681678165>" ,-0.32594228,0.45816588,0.27869114,0.7785736,2.5747325,-0.72222257,6.47541
"<1783681678199>" ,-0.32733148,0.45552164,0.2782698,0.7796923,2.5793064,-0.72136444,6.4745984
"<1783681678232>" ,-0.32833233,0.45176214,0.27849278,0.7813774,2.5829813,-0.72059554,6.47374
"<1783681678266>" ,-0.32816488,0.44870389,0.2777084,0.78348625,2.5867107,-0.7191627,6.4729466
"<1783681678300>" ,-0.32656848,0.4453431,0.2761708,0.78660804,2.5901108,-0.7178167,6.47197
"<1783681678333>" ,-0.3257847,0.44210586,0.27550328,0.7889896,2.5928254,-0.71687603,6.470601
"<1783681678366>" ,-0.3267253,0.43908334,0.27475697,0.7905473,2.5948026,-0.7162125,6.46828
"<1783681678400>" ,-0.32951367,0.43717736,0.27230173,0.79129547,2.596953,-0.71552694,6.4657903
"<1783681678433>" ,-0.333741,0.4361881,0.26828462,0.7914418,2.5991662,-0.71469396,6.4631104
"<1783681678467>" ,-0.33686548,0.434949,0.26478264,0.79197925,2.6013417,-0.713841,6.4606476
"<1783681678501>" ,-0.338141,0.43269908,0.2623051,0.7934911,2.603345,-0.71282357,6.4583383
"<1783681678534>" ,-0.33894676,0.42958423,0.25881028,0.79598343,2.6055326,-0.71180236,6.4560804
"<1783681678569>" ,-0.34042004,0.4277266,0.2548331,0.7976367,2.6076803,-0.71054316,6.4533343
"<1783681678600>" ,-0.34341377,0.42806002,0.2511088,0.7973556,2.6095066,-0.70943594,6.450192
"<1783681678634>" ,-0.34718066,0.43028268,0.24670966,0.7958999,2.6112537,-0.70845544,6.44675
"<1783681678666>" ,-0.35060936,0.43244728,0.24291463,0.7943896,2.6129072,-0.70770216,6.4431477
"<1783681678701>" ,-0.3531859,0.4307253,0.24068674,0.79486185,2.614491,-0.70697844,6.4394746
"<1783681678734>" ,-0.35385627,0.426945,0.23851605,0.7972539,2.6161385,-0.70654637,6.435773
"<1783681678767>" ,-0.3536815,0.42588916,0.23692562,0.79836965,2.6180081,-0.70585483,6.4323087
"<1783681678800>" ,-0.35309902,0.4238887,0.23674731,0.7997438,2.6198523,-0.7046874,6.428972
"<1783681678834>" ,-0.350743,0.42288503,0.23722908,0.80116785,2.621746,-0.7037224,6.425976
"<1783681678867>" ,-0.34857526,0.42171627,0.2384246,0.8023742,2.6235,-0.70323795,6.4231243
"<1783681678900>" ,-0.34698993,0.42039967,0.23988979,0.803315,2.6250958,-0.7035136,6.4201245
"<1783681678934>" ,-0.3474105,0.4198789,0.24175109,0.80284745,2.6265023,-0.70410854,6.4172044
"<1783681678968>" ,-0.3488871,0.41863453,0.24237528,0.8026688,2.627937,-0.7042945,6.4138803
"<1783681679001>" ,-0.34868968,0.41868874,0.24066363,0.8032411,2.629964,-0.70433027,6.411098
"<1783681679036>" ,-0.34961486,0.41867146,0.23800164,0.803641,2.6318586,-0.70441556,6.4082155
"<1783681679068>" ,-0.35292178,0.4170277,0.23586819,0.80367917,2.6329017,-0.7047532,6.404973
"<1783681679102>" ,-0.3564096,0.4159439,0.23392159,0.8032705,2.6336699,-0.70521545,6.4020824
"<1783681679136>" ,-0.35871562,0.41607663,0.23182127,0.802784,2.6344745,-0.70569545,6.399911
"<1783681679168>" ,-0.3600021,0.413685,0.23210363,0.80336237,2.6347022,-0.7066155,6.3981557
"<1783681679201>" ,-0.3605218,0.41200444,0.23390041,0.8034718,2.63479,-0.707667,6.3971205
"<1783681679236>" ,-0.36075288,0.41219994,0.23478338,0.80301017,2.6350555,-0.70843107,6.3965197
"<1783681679269>" ,-0.3610338,0.41141376,0.23509943,0.8031945,2.6352594,-0.709135,6.396116
"<1783681679303>" ,-0.36166182,0.4109915,0.23583287,0.8029131,2.6355135,-0.70962197,6.3956637
"<1783681679335>" ,-0.3627464,0.41092536,0.23623288,0.80234,2.6355226,-0.71016806,6.3954625
"<1783681679369>" ,-0.36347416,0.41019532,0.2362109,0.80239064,2.6354728,-0.7107103,6.39553
"<1783681679403>" ,-0.36346886,0.4106873,0.23641077,0.8020825,2.6353168,-0.7111786,6.395911
"<1783681679436>" ,-0.36373278,0.41043472,0.23806597,0.80160236,2.6348908,-0.71184593,6.3966
"<1783681679469>" ,-0.363262,0.41081747,0.24014169,0.80100036,2.6344063,-0.71246576,6.397597
"<1783681679503>" ,-0.36207268,0.4121356,0.24160801,0.8004205,2.6343124,-0.71273106,6.398822
"<1783681679536>" ,-0.36159685,0.4133845,0.24304461,0.7995563,2.633882,-0.71318036,6.399873
"<1783681679569>" ,-0.36190286,0.4136743,0.24463893,0.79878134,2.6332767,-0.7137628,6.4006286
"<1783681679603>" ,-0.36213362,0.41427144,0.24586013,0.797992,2.6328034,-0.7142348,6.401334
"<1783681679636>" ,-0.3619453,0.41500217,0.24617003,0.79760206,2.6325803,-0.7144117,6.401992
"<1783681679669>" ,-0.36141464,0.41591167,0.24536191,0.797618,2.632661,-0.7141487,6.402525
"<1783681679705>" ,-0.36143702,0.4161504,0.24512905,0.7975549,2.6325004,-0.71419144,6.4029408
"<1783681679737>" ,-0.3620553,0.41607535,0.24615508,0.79699737,2.6320572,-0.7145874,6.4033394
"<1783681679772>" ,-0.36165673,0.4168558,0.24676661,0.7965813,2.631829,-0.71486187,6.403876
"<1783681679803>" ,-0.36120954,0.41660073,0.24726017,0.7967647,2.6318214,-0.71490765,6.4043217
"<1783681679837>" ,-0.3609272,0.4158417,0.24739857,0.797246,2.6317286,-0.7151771,6.4046354
"<1783681679871>" ,-0.36075625,0.4160423,0.24692696,0.79736495,2.631828,-0.71535975,6.404849
"<1783681679904>" ,-0.36174777,0.41558397,0.24620692,0.79737735,2.6317618,-0.7156084,6.4047384
"<1783681679938>" ,-0.36256164,0.41465297,0.24537887,0.7977476,2.6316364,-0.7159093,6.404498
"<1783681679971>" ,-0.362636,0.41518107,0.24394916,0.79787755,2.6316264,-0.7160143,6.4041896
"<1783681680004>" ,-0.3628872,0.41497496,0.24258503,0.7982864,2.6314573,-0.71598065,6.403447
"<1783681680038>" ,-0.3624038,0.4148056,0.24138457,0.7989576,2.6311154,-0.716035,6.4027085
"<1783681680071>" ,-0.36214918,0.41520873,0.24025662,0.7992037,2.630537,-0.71621317,6.401706
"<1783681680105>" ,-0.36247718,0.41498992,0.23876818,0.7996145,2.6293752,-0.7166478,6.399851
"<1783681680137>" ,-0.36300862,0.41604465,0.23759395,0.799175,2.6275847,-0.7175825,6.398022
"<1783681680171>" ,-0.36376297,0.4163973,0.23926927,0.7981478,2.6247609,-0.7191015,6.395797
"<1783681680204>" ,-0.36311847,0.4156997,0.2428045,0.79773724,2.6210182,-0.72128946,6.393473
"<1783681680239>" ,-0.36156377,0.4177034,0.24535187,0.79661655,2.616965,-0.7238835,6.3910437
"<1783681680272>" ,-0.36253756,0.41956526,0.2476655,0.79447675,2.6117568,-0.72708064,6.387594
"<1783681680306>" ,-0.36477268,0.4230654,0.24848811,0.79133445,2.6062362,-0.73037624,6.383658
"<1783681680338>" ,-0.36751914,0.427587,0.24820474,0.787714,2.6005886,-0.73386794,6.379369
"<1783681680374>" ,-0.3707559,0.42487592,0.25020567,0.7870308,2.5940638,-0.7385822,6.3745084
"<1783681680405>" ,-0.37398604,0.42293832,0.25321913,0.78558105,2.5871913,-0.7439381,6.369503
"<1783681680439>" ,-0.37826917,0.4229441,0.25525174,0.78286475,2.5805264,-0.74936295,6.3642654
"<1783681680472>" ,-0.38182586,0.42228422,0.25701028,0.78091663,2.5737307,-0.7550608,6.3588696
"<1783681680505>" ,-0.38434103,0.42525974,0.25861764,0.7775301,2.5643327,-0.76359016,6.351443
"<1783681680538>" ,-0.3888059,0.42815346,0.25932947,0.7734745,2.557767,-0.76909655,6.3462653
"<1783681680572>" ,-0.3921029,0.43172696,0.25735337,0.770478,2.551553,-0.7739275,6.341262
"<1783681680605>" ,-0.39260063,0.4339046,0.25521782,0.76971126,2.545794,-0.7783304,6.336929
"<1783681680641>" ,-0.39109594,0.43259716,0.25550598,0.77111626,2.5399828,-0.78270674,6.333173
"<1783681680672>" ,-0.38909283,0.43116823,0.25623703,0.7726857,2.5339818,-0.78697413,6.329434
"<1783681680707>" ,-0.38798785,0.43276975,0.25478643,0.7728258,2.5284963,-0.7909414,6.3258104
"<1783681680739>" ,-0.39021143,0.43507951,0.25472048,0.77042735,2.52297,-0.7950437,6.322137
"<1783681680773>" ,-0.39456117,0.43466368,0.25624433,0.76793736,2.517447,-0.7986791,6.318452
"<1783681680807>" ,-0.3972181,0.43518063,0.25661603,0.7661486,2.51259,-0.8017068,6.315331
"<1783681680840>" ,-0.39735022,0.4372374,0.25595754,0.7651288,2.508764,-0.8037146,6.3130827
"<1783681680873>" ,-0.3968888,0.43628633,0.25812438,0.7651832,2.5051358,-0.8054162,6.3115196
"<1783681680905>" ,-0.39659876,0.43289706,0.26213348,0.7658953,2.5015745,-0.80744535,6.3101683
"<1783681680941>" ,-0.39683655,0.4311881,0.26463166,0.7658771,2.4987,-0.80920523,6.3090243
"<1783681680975>" ,-0.3991693,0.430977,0.26623544,0.76422596,2.4965837,-0.8104255,6.307966
"<1783681681005>" ,-0.40049973,0.4323617,0.26665697,0.76259905,2.4950583,-0.8111657,6.3072634
"<1783681681040>" ,-0.3999094,0.43284285,0.26608083,0.76283723,2.493986,-0.81138515,6.306764
"<1783681681074>" ,-0.3981349,0.43251678,0.264793,0.7643968,2.4933913,-0.8111099,6.306368
"<1783681681107>" ,-0.39588177,0.43528405,0.26132742,0.7651885,2.4934604,-0.8104048,6.3059397
"<1783681681141>" ,-0.39605948,0.4328288,0.26128247,0.7665035,2.4926746,-0.8108698,6.3049603
"<1783681681174>" ,-0.39867625,0.42734239,0.26543552,0.7667984,2.4912467,-0.81262684,6.3039026
"<1783681681207>" ,-0.40248254,0.42517802,0.26724985,0.7653815,2.490164,-0.8144672,6.302767
"<1783681681241>" ,-0.40618062,0.42654768,0.26592094,0.7631254,2.4896078,-0.8157139,6.3018208
"<1783681681274>" ,-0.40815187,0.42756093,0.26593775,0.76149905,2.4892821,-0.8164767,6.3012486
"<1783681681308>" ,-0.40702406,0.4254171,0.26723552,0.76284784,2.4889472,-0.81701666,6.3010364
"<1783681681341>" ,-0.4038142,0.42494607,0.26630625,0.7651378,2.4891765,-0.8167743,6.301196
"<1783681681375>" ,-0.40152776,0.4251166,0.26490545,0.76673096,2.489322,-0.81643397,6.3013315
"<1783681681407>" ,-0.40133443,0.42115343,0.26678696,0.76836526,2.4886181,-0.8170916,6.3009853
"<1783681681443>" ,-0.4025591,0.42224804,0.26610148,0.7673609,2.4881933,-0.8178422,6.300412
"<1783681681476>" ,-0.40628645,0.4245769,0.2633258,0.7650656,2.4877956,-0.8184141,6.2993236
"<1783681681510>" ,-0.40916103,0.42795753,0.2605387,0.7626003,2.487349,-0.81882274,6.2982235
"<1783681681541>" ,-0.40980512,0.4310728,0.2571336,0.7616549,2.4871297,-0.8189248,6.297286
"<1783681681575>" ,-0.4104091,0.42814964,0.25634786,0.76324177,2.486187,-0.81957483,6.2963533
"<1783681681607>" ,-0.41130033,0.42618743,0.25679052,0.7637113,2.4852543,-0.82047445,6.2955847
"<1783681681642>" ,-0.41392347,0.4248756,0.25774437,0.762703,2.4845812,-0.8216187,6.2948065
"<1783681681675>" ,-0.41772297,0.42207232,0.2584567,0.76194656,2.4840903,-0.8228687,6.29408
"<1783681681709>" ,-0.41962317,0.41923606,0.25894323,0.76230305,2.4841762,-0.82382417,6.2939634
"<1783681681743>" ,-0.42143834,0.4181994,0.25928995,0.761753,2.4849427,-0.8243426,6.294354
"<1783681681777>" ,-0.42245042,0.41807356,0.2587705,0.76143795,2.4859412,-0.824685,6.2950754
"<1783681681808>" ,-0.42167938,0.4171876,0.25889483,0.76230866,2.486902,-0.82498664,6.296158
"<1783681681843>" ,-0.42042172,0.41666356,0.26050812,0.7627402,2.4878173,-0.82526654,6.297436
"<1783681681876>" ,-0.41994333,0.4160957,0.26129326,0.7630451,2.4884923,-0.8255397,6.298349
"<1783681681910>" ,-0.41996914,0.41493294,0.26169124,0.76352745,2.4889429,-0.8257373,6.299038
"<1783681681944>" ,-0.41897708,0.4133776,0.26404297,0.7641063,2.489115,-0.82605654,6.2999334
"<1783681681977>" ,-0.4189257,0.41224408,0.26534384,0.7642962,2.4890418,-0.8262155,6.3005524
"<1783681682011>" ,-0.4180255,0.41113988,0.26486078,0.7655504,2.4890237,-0.8258986,6.3009596
"<1783681682045>" ,-0.4163035,0.4087731,0.2664954,0.7671871,2.4887068,-0.82573533,6.301527
"<1783681682078>" ,-0.4168118,0.40822622,0.26755944,0.76683193,2.4883199,-0.8255522,6.3015714
"<1783681682110>" ,-0.4184138,0.40732706,0.26597294,0.7669895,2.487909,-0.8254299,6.3010235
"<1783681682144>" ,-0.42051622,0.40820152,0.26476067,0.7657933,2.4875321,-0.82543445,6.3003945
"<1783681682177>" ,-0.42224312,0.4072876,0.26485702,0.7652962,2.4870725,-0.8251703,6.299763
"<1783681682210>" ,-0.42352322,0.40616208,0.26291743,0.7658556,2.4869847,-0.8246827,6.2991047
"<1783681682244>" ,-0.42443496,0.40554988,0.26208815,0.7659595,2.48679,-0.82396334,6.298821
"<1783681682278>" ,-0.4224507,0.40431598,0.2629771,0.76740277,2.4867158,-0.82312536,6.2992563
"<1783681682310>" ,-0.4213384,0.40282965,0.26476705,0.76818013,2.4866502,-0.8224137,6.299793
"<1783681682343>" ,-0.42166588,0.40416902,0.26505852,0.76719564,2.4867787,-0.8216492,6.3003054
"<1783681682378>" ,-0.42282426,0.40607417,0.2660915,0.765192,2.4869819,-0.8212445,6.3008285
"<1783681682410>" ,-0.4228562,0.40585735,0.2685698,0.7644231,2.487315,-0.82089525,6.30155
"<1783681682445>" ,-0.42111844,0.40407866,0.2707412,0.7655578,2.4880445,-0.8201316,6.302488
"<1783681682478>" ,-0.41935584,0.4045172,0.27129304,0.76609826,2.488867,-0.8183292,6.3035436
"<1783681682511>" ,-0.4177923,0.40589917,0.27056247,0.76647985,2.4898539,-0.81619287,6.30441
"<1783681682545>" ,-0.4168185,0.4065867,0.2710082,0.76648813,2.4905999,-0.8142152,6.3050666
"<1783681682579>" ,-0.4155202,0.40717408,0.27142465,0.7667339,2.4913738,-0.8122617,6.3056064
"<1783681682611>" ,-0.41464043,0.40749916,0.27159148,0.7669783,2.4920008,-0.81000596,6.3058696
"<1783681682645>" ,-0.4139974,0.4074687,0.27183017,0.76725733,2.492533,-0.8070976,6.3060007
"<1783681682679>" ,-0.4120414,0.40708432,0.27148223,0.76863617,2.4932065,-0.80336285,6.3063245
"<1783681682711>" ,-0.40873358,0.4076249,0.27022207,0.77055746,2.4943943,-0.79873943,6.3070207
"<1783681682745>" ,-0.40526965,0.40678868,0.26963753,0.7730298,2.495648,-0.7935565,6.3079486
"<1783681682779>" ,-0.4008386,0.40543455,0.26976588,0.776001,2.4968116,-0.78828204,6.3090463
"<1783681682814>" ,-0.39682633,0.4060527,0.2696513,0.7777777,2.4982393,-0.78262836,6.3107457
"<1783681682845>" ,-0.3955506,0.40566462,0.27161348,0.77794737,2.4990594,-0.7776643,6.3124776
"<1783681682879>" ,-0.3940956,0.40568572,0.2733146,0.7780789,2.4998329,-0.7731794,6.314433
"<1783681682912>" ,-0.3924083,0.40805557,0.27572107,0.7768425,2.5006394,-0.76908666,6.316874
"<1783681682946>" ,-0.38899627,0.40991697,0.2779323,0.77679056,2.501656,-0.7655546,6.319702
"<1783681682979>" ,-0.38472465,0.41006616,0.2804836,0.7779214,2.5027866,-0.76250756,6.3227687
"<1783681683011>" ,-0.3801523,0.41167036,0.28267038,0.7785302,2.5039203,-0.760081,6.3257375
"<1783681683045>" ,-0.37819234,0.41258597,0.2847402,0.7782456,2.5045774,-0.75839806,6.3279634
"<1783681683080>" ,-0.37912357,0.4139931,0.2858422,0.7766397,2.5050178,-0.7565011,6.3296385
"<1783681683112>" ,-0.38048527,0.4155874,0.28508043,0.77540135,2.5055342,-0.7544519,6.330793
"<1783681683146>" ,-0.38207287,0.4167861,0.28373078,0.7744717,2.5059745,-0.752051,6.331605
"<1783681683180>" ,-0.38238913,0.41613746,0.2817469,0.77538824,2.5064082,-0.7488874,6.3325753
"<1783681683213>" ,-0.3824997,0.4158631,0.27929395,0.7763676,2.506464,-0.7449509,6.333616
"<1783681683246>" ,-0.3822685,0.41756737,0.27675018,0.77647763,2.5060725,-0.74024385,6.335005
"<1783681683281>" ,-0.38119698,0.42087594,0.27363792,0.7763211,2.5052958,-0.7348846,6.3369184
"<1783681683312>" ,-0.37864628,0.42455852,0.27075028,0.7765767,2.5039313,-0.7291554,6.3394756
"<1783681683346>" ,-0.37447798,0.42720565,0.26946276,0.7775933,2.5017743,-0.72341067,6.3426147
"<1783681683380>" ,-0.37032816,0.42881483,0.26914665,0.7788035,2.4983737,-0.7177557,6.3457923
"<1783681683413>" ,-0.36538184,0.43296817,0.26733768,0.7794647,2.4947124,-0.71211153,6.3492646
"<1783681683446>" ,-0.36058477,0.43733773,0.26638356,0.77958584,2.490082,-0.7069977,6.352717
"<1783681683480>" ,-0.3558914,0.44041464,0.26695836,0.7798137,2.4839885,-0.70306826,6.355819
"<1783681683513>" ,-0.35104376,0.44485563,0.26643082,0.77967066,2.4775636,-0.6995709,6.358767
"<1783681683546>" ,-0.34878424,0.45039657,0.26608363,0.7776194,2.4702017,-0.6969196,6.361162
"<1783681683581>" ,-0.3479,0.45398134,0.26584923,0.77600944,2.461948,-0.6949713,6.363008
"<1783681683613>" ,-0.34552363,0.45733503,0.26529932,0.77528983,2.4536953,-0.6941275,6.3650866
"<1783681683647>" ,-0.34270605,0.46065438,0.26632193,0.774224,2.4449096,-0.6943618,6.367569
"<1783681683681>" ,-0.3395663,0.46267796,0.26912087,0.77343243,2.4356887,-0.696311,6.3700233
"<1783681683714>" ,-0.337566,0.4644069,0.273774,0.77163666,2.4259531,-0.700055,6.372142
"<1783681683747>" ,-0.33956158,0.46750638,0.27908522,0.76697266,2.415734,-0.7048522,6.3736
"<1783681683781>" ,-0.34186727,0.47397962,0.2802996,0.7615132,2.4052262,-0.70880187,6.374893
"<1783681683815>" ,-0.3440795,0.47836047,0.28130326,0.75739616,2.3956597,-0.7131826,6.37571
"<1783681683848>" ,-0.3444934,0.47944817,0.2837207,0.7556165,2.3861768,-0.7175073,6.3763433
"<1783681683882>" ,-0.34220448,0.48070905,0.2856364,0.75513357,2.3773665,-0.7211451,6.3770328
"<1783681683915>" ,-0.33937812,0.48076308,0.28913447,0.7550434,2.3688264,-0.72494173,6.37773
"<1783681683948>" ,-0.3371509,0.4815013,0.294271,0.753585,2.3606029,-0.72921836,6.378323
"<1783681683982>" ,-0.3379687,0.48131084,0.30117995,0.7506048,2.352584,-0.73386264,6.3784714
"<1783681684014>" ,-0.3421971,0.48160446,0.30736125,0.7459808,2.3450358,-0.7385124,6.3781214
"<1783681684048>" ,-0.34719726,0.48452744,0.30858332,0.7412581,2.3389995,-0.7425278,6.37718
"<1783681684082>" ,-0.3517002,0.49603456,0.3050808,0.7329273,2.335225,-0.7453895,6.376261
"<1783681684114>" ,-0.35699236,0.49565336,0.30724582,0.72971517,2.331019,-0.74901384,6.375232
"<1783681684148>" ,-0.35831296,0.4916896,0.30868685,0.7311399,2.328267,-0.7525201,6.37435
"<1783681684182>" ,-0.35761064,0.49511483,0.3051916,0.73063946,2.3276596,-0.7547107,6.3740845
"<1783681684215>" ,-0.35989833,0.4956268,0.30351067,0.72986877,2.326468,-0.757172,6.3731747
"<1783681684249>" ,-0.3622499,0.4924619,0.30313963,0.7310011,2.325254,-0.75998807,6.3721666
"<1783681684283>" ,-0.36246863,0.4941122,0.30010736,0.73103017,2.32488,-0.762241,6.371285
"<1783681684316>" ,-0.36285233,0.4945776,0.29800788,0.7313839,2.3241162,-0.7647504,6.3703494
"<1783681684349>" ,-0.36521098,0.49110523,0.29918143,0.73207045,2.3231294,-0.7674556,6.3697376
"<1783681684383>" ,-0.36568418,0.49057817,0.29823965,0.7325716,2.3225856,-0.76974106,6.3692107
"<1783681684416>" ,-0.36794043,0.48945674,0.29848444,0.73209214,2.3212204,-0.77228355,6.368277
"<1783681684450>" ,-0.37141156,0.48880687,0.29865393,0.7307031,2.3201563,-0.77427995,6.366758
"<1783681684484>" ,-0.3764274,0.48988712,0.29790333,0.7277132,2.31906,-0.7757005,6.3649597
"<1783681684517>" ,-0.38239157,0.48870984,0.29839894,0.72518784,2.3175097,-0.7771399,6.363157
"<1783681684549>" ,-0.3849186,0.48869225,0.2967597,0.7245351,2.3169503,-0.77772397,6.361945
"<1783681684584>" ,-0.38500214,0.48882714,0.29654855,0.7244863,2.3168669,-0.77778846,6.3612766
"<1783681684615>" ,-0.38447684,0.486684,0.29736894,0.7258704,2.3167279,-0.77777785,6.3607574
"<1783681684650>" ,-0.3851878,0.4876263,0.29567835,0.72555166,2.3164122,-0.77792096,6.360172
"<1783681684684>" ,-0.38676953,0.4904245,0.29455006,0.72327954,2.3160403,-0.7781253,6.3595777
"<1783681684718>" ,-0.3880476,0.49067056,0.2963689,0.7216834,2.3154805,-0.77885664,6.359083
"<1783681684751>" ,-0.38941282,0.49047053,0.29845893,0.72022116,2.31504,-0.77985764,6.358552
"<1783681684787>" ,-0.39125746,0.49274802,0.29817265,0.7177813,2.314974,-0.78052664,6.3580885
"<1783681684818>" ,-0.39218354,0.49415928,0.29677662,0.71688366,2.3155808,-0.78099686,6.3573337
"<1783681684851>" ,-0.39061555,0.49465597,0.29756454,0.7170706,2.316097,-0.7824248,6.356663
"<1783681684887>" ,-0.38999724,0.49471375,0.2992632,0.71666026,2.3164845,-0.7837486,6.355835
"<1783681684917>" ,-0.39094073,0.4978293,0.2976453,0.7146597,2.3172228,-0.7842642,6.354722
"<1783681684952>" ,-0.3942757,0.4994204,0.2965163,0.7121825,2.317202,-0.7850247,6.3534746
"<1783681684984>" ,-0.39638153,0.49818096,0.29779515,0.7113476,2.316743,-0.7860179,6.35244
"<1783681685018>" ,-0.39734212,0.49704847,0.29857174,0.7112784,2.31636,-0.7866821,6.3515654
"<1783681685051>" ,-0.39831036,0.49678653,0.29850736,0.7109468,2.3159933,-0.7869733,6.350844
"<1783681685085>" ,-0.39918983,0.4953368,0.299441,0.71107244,2.3154044,-0.78707004,6.3504457
"<1783681685118>" ,-0.39865354,0.49518907,0.29951388,0.7114454,2.3151188,-0.78671247,6.350432
"<1783681685151>" ,-0.39770642,0.49612507,0.29921055,0.711451,2.3149934,-0.7860011,6.350938
"<1783681685185>" ,-0.3971736,0.49447325,0.30156454,0.7119046,2.3144975,-0.7860312,6.3515654
"<1783681685218>" ,-0.3968649,0.49306154,0.30423507,0.7119196,2.3140643,-0.7863376,6.352246
"<1783681685252>" ,-0.39660388,0.49466318,0.30478463,0.7107179,2.31415,-0.7860847,6.353001
"<1783681685285>" ,-0.3953422,0.4961399,0.305255,0.7101894,2.3145242,-0.78495485,6.3540606
"<1783681685318>" ,-0.39313772,0.49487534,0.30682275,0.7116185,2.314965,-0.7837084,6.354805
"<1783681685351>" ,-0.38974908,0.49436104,0.30547214,0.7144155,2.3160374,-0.7815393,6.3552027
"<1783681685386>" ,-0.38690495,0.49611923,0.3025815,0.7159711,2.317502,-0.7784834,6.355315
"<1783681685418>" ,-0.38576674,0.4956769,0.30122393,0.71746254,2.31854,-0.77534556,6.3551316
"<1783681685451>" ,-0.3845475,0.49644244,0.29760545,0.719096,2.3198602,-0.7714963,6.3547287
"<1783681685485>" ,-0.38325104,0.5002556,0.29290646,0.7190749,2.321346,-0.7670884,6.3542094
"<1783681685519>" ,-0.38385162,0.5021902,0.2912786,0.71806663,2.3221378,-0.7628094,6.353672
"<1783681685553>" ,-0.38338742,0.5036036,0.28998807,0.7178471,2.323051,-0.75861156,6.3532386
"<1783681685586>" ,-0.380404,0.5060298,0.28787383,0.71857864,2.3246021,-0.7538379,6.3532877
"<1783681685620>" ,-0.37642968,0.5076052,0.28610554,0.72026473,2.326624,-0.7487457,6.353653
"<1783681685653>" ,-0.3715692,0.5085116,0.2838862,0.72302204,2.3294382,-0.7433293,6.3544188
"<1783681685687>" ,-0.36802286,0.5092774,0.28075355,0.7255158,2.3327434,-0.7379509,6.3551016
"<1783681685719>" ,-0.36621487,0.5097401,0.27733117,0.72741944,2.33642,-0.73287773,6.3556643
"<1783681685753>" ,-0.3665213,0.50911516,0.27449882,0.7287759,2.340527,-0.72810984,6.356253
"<1783681685787>" ,-0.36744237,0.5101004,0.27044526,0.7291385,2.3457115,-0.7233527,6.357186
"<1783681685819>" ,-0.36634523,0.5118022,0.2650805,0.730467,2.352379,-0.718242,6.358656
"<1783681685854>" ,-0.36453152,0.50992733,0.2615011,0.7339673,2.359556,-0.71312934,6.3605566
"<1783681685887>" ,-0.3627133,0.506902,0.2587284,0.7379356,2.3672261,-0.708516,6.3625946
"<1783681685919>" ,-0.36199182,0.5049806,0.2554824,0.74073297,2.37548,-0.7043251,6.364623
"<1783681685953>" ,-0.36177427,0.5048203,0.25243092,0.74199355,2.3837724,-0.7003093,6.3667455
"<1783681685989>" ,-0.3627912,0.5030127,0.25136867,0.74308443,2.3958316,-0.6954042,6.370385
"<1783681686020>" ,-0.36334825,0.5013757,0.25116527,0.74398685,2.4039354,-0.6927657,6.3731093
"<1783681686054>" ,-0.3632425,0.50016105,0.25082138,0.74497145,2.4121194,-0.6902563,6.375892
"<1783681686088>" ,-0.36217555,0.49732387,0.2501806,0.74760115,2.4198022,-0.6882094,6.378493
"<1783681686120>" ,-0.35932893,0.49290258,0.24970108,0.75205,2.427782,-0.6860693,6.381187
"<1783681686154>" ,-0.35696334,0.48860094,0.24965353,0.75598896,2.4352162,-0.68443954,6.3839164
"<1783681686189>" ,-0.35721126,0.48448896,0.24998063,0.7584064,2.442092,-0.6830853,6.386421
"<1783681686223>" ,-0.3588819,0.4813901,0.24940355,0.7597797,2.448572,-0.681861,6.3886175
"<1783681686254>" ,-0.36031637,0.48044503,0.2483744,0.76003605,2.4548774,-0.6807788,6.3907194
"<1783681686289>" ,-0.36244074,0.4776127,0.24816526,0.7608789,2.460529,-0.68033475,6.3924794
"<1783681686320>" ,-0.3657893,0.47316596,0.2481976,0.76204336,2.4654388,-0.6801636,6.3937526
"<1783681686355>" ,-0.3682391,0.47159156,0.24654047,0.76237726,2.4708085,-0.6793963,6.39488
"<1783681686387>" ,-0.36983696,0.47026426,0.24328344,0.7634692,2.4760478,-0.67854846,6.395661
"<1783681686421>" ,-0.37027612,0.4670529,0.2403277,0.766159,2.4808064,-0.67816544,6.396187
"<1783681686455>" ,-0.37078586,0.46388304,0.24034178,0.7678321,2.484879,-0.6786385,6.396655
"<1783681686489>" ,-0.37214997,0.45959428,0.24315162,0.7688658,2.4882226,-0.6801097,6.396743
"<1783681686522>" ,-0.37536383,0.45298117,0.24701647,0.76999533,2.4909723,-0.6822216,6.3962173
"<1783681686555>" ,-0.37885746,0.4471565,0.24992217,0.7707509,2.4932945,-0.6843121,6.394857
"<1783681686590>" ,-0.3816823,0.44232678,0.2526983,0.77123874,2.4961636,-0.68676436,6.3936653
"<1783681686621>" ,-0.3846094,0.43831682,0.254576,0.7714564,2.4993684,-0.68920505,6.392446
"<1783681686655>" ,-0.38750327,0.4360073,0.25511074,0.7711403,2.5022116,-0.6913614,6.3908353
"<1783681686689>" ,-0.39057475,0.43241224,0.25532082,0.77154535,2.5052016,-0.6932644,6.38924
"<1783681686722>" ,-0.39313307,0.42998233,0.2552563,0.77162534,2.5083354,-0.6948418,6.3878083
"<1783681686756>" ,-0.39627922,0.42892587,0.25498697,0.7706925,2.5107813,-0.69592136,6.386364
"<1783681686789>" ,-0.3989591,0.4291037,0.25309625,0.7698337,2.513611,-0.6963801,6.3849645
"<1783681686824>" ,-0.40117055,0.43039626,0.2505402,0.7687983,2.516746,-0.69636124,6.383739
"<1783681686856>" ,-0.40200102,0.43066075,0.24870166,0.7688133,2.5198536,-0.6961525,6.3828235
"<1783681686891>" ,-0.40126744,0.43167838,0.24667482,0.7692787,2.5228403,-0.69519556,6.3824873
"<1783681686924>" ,-0.40132704,0.4342598,0.24469909,0.7684252,2.5259202,-0.6945173,6.382439
"<1783681686959>" ,-0.40217188,0.43705013,0.24313562,0.76689637,2.5283706,-0.6936663,6.382982
"<1783681686989>" ,-0.40088788,0.44318405,0.24090332,0.7647498,2.5313578,-0.6929894,6.3844686
"<1783681687023>" ,-0.39915907,0.4471181,0.24074003,0.76341444,2.5340152,-0.6929975,6.3865757
"<1783681687056>" ,-0.3971706,0.44841,0.24278188,0.7630471,2.5362322,-0.69317716,6.389553
"<1783681687090>" ,-0.39423028,0.4497611,0.24494408,0.76308566,2.5381718,-0.69409263,6.3928375
"<1783681687123>" ,-0.39221612,0.45020032,0.24737513,0.7630804,2.5395005,-0.6956654,6.396311
"<1783681687157>" ,-0.39149174,0.4511772,0.24922802,0.7622721,2.5403037,-0.6977913,6.399909
"<1783681687190>" ,-0.3923094,0.45333606,0.25107625,0.75996083,2.5400774,-0.7008348,6.4034004
"<1783681687223>" ,-0.39281106,0.4582913,0.25145638,0.7565965,2.539307,-0.7043789,6.407075
"<1783681687258>" ,-0.39386734,0.4625657,0.2539345,0.752608,2.5373673,-0.70873046,6.410875
"<1783681687291>" ,-0.39217424,0.464606,0.25877914,0.7505824,2.5346732,-0.7140382,6.4150534
"<1783681687325>" ,-0.3882922,0.4650295,0.26478732,0.7502428,2.531419,-0.7200334,6.4193697
"<1783681687358>" ,-0.38529277,0.4658218,0.27223858,0.7486292,2.5269709,-0.72625595,6.423318
"<1783681687391>" ,-0.38236925,0.46918634,0.27724335,0.7461863,2.522689,-0.7321124,6.426991
"<1783681687424>" ,-0.38058576,0.4704783,0.28186375,0.7445519,2.517966,-0.7385023,6.4301662
"<1783681687458>" ,-0.37988746,0.47029874,0.28757563,0.74283564,2.51272,-0.7459471,6.4329042
"<1783681687492>" ,-0.38025552,0.47184327,0.29386297,0.7391983,2.5076406,-0.753916,6.435348
"<1783681687525>" ,-0.37737322,0.47376406,0.29639336,0.73843616,2.5036802,-0.7606067,6.4374304
"<1783681687558>" ,-0.37056458,0.47358707,0.29502976,0.74253255,2.500849,-0.7654222,6.439365
"<1783681687592>" ,-0.3627379,0.4711245,0.29255116,0.74891704,2.4985611,-0.7699692,6.440868
"<1783681687625>" ,-0.35655576,0.47055963,0.28938562,0.75345707,2.4966128,-0.7748492,6.4418755
"<1783681687658>" ,-0.35538724,0.47026712,0.28697932,0.75511026,2.493988,-0.7799932,6.4419737
"<1783681687692>" ,-0.36015674,0.4720322,0.28546724,0.75231725,2.490652,-0.7859217,6.441185
"<1783681687724>" ,-0.3675622,0.47383058,0.28440937,0.7479932,2.487206,-0.7917624,6.439835
"<1783681687759>" ,-0.3748014,0.47293514,0.28141502,0.7460977,2.4843297,-0.79633,6.4385724
"<1783681687791>" ,-0.38080814,0.47382903,0.2757102,0.7446174,2.4818826,-0.7997521,6.4366794
"<1783681687826>" ,-0.38507384,0.47230566,0.27123386,0.74503535,2.4794536,-0.80213875,6.434832
"<1783681687859>" ,-0.38620344,0.4684797,0.26973718,0.7474059,2.476825,-0.8037837,6.4337354
"<1783681687895>" ,-0.38635328,0.46521738,0.2698852,0.74931026,2.4742577,-0.8051103,6.4328737
"<1783681687926>" ,-0.38431442,0.46285012,0.27023622,0.75169444,2.4721055,-0.8061066,6.4325256
"<1783681687959>" ,-0.38369507,0.46119347,0.27253214,0.7522,2.469792,-0.80701387,6.43244
"<1783681687993>" ,-0.38381085,0.4620738,0.27461094,0.7508434,2.467681,-0.80805194,6.432623
"<1783681688029>" ,-0.38388023,0.46300596,0.2765598,0.7495172,2.4659505,-0.8091063,6.4330616
"<1783681688059>" ,-0.38320065,0.4656073,0.2764327,0.7482994,2.4647975,-0.8095925,6.4335017
"<1783681688096>" ,-0.38244233,0.4663361,0.27757674,0.7478099,2.4637218,-0.81004405,6.4341245
"<1783681688126>" ,-0.38125372,0.46540883,0.27983806,0.74815166,2.4627962,-0.81065637,6.434927
"<1783681688159>" ,-0.37880033,0.46583754,0.28046,0.7488978,2.4623408,-0.81073606,6.4357424
"<1783681688193>" ,-0.37540156,0.46406177,0.2815112,0.75131345,2.4621198,-0.81087595,6.436362
"<1783681688226>" ,-0.3737594,0.46461755,0.28151217,0.75178814,2.4621537,-0.81096196,6.4366612
"<1783681688259>" ,-0.37350908,0.46540195,0.28082144,0.7516856,2.462198,-0.8109571,6.436969
"<1783681688293>" ,-0.3736391,0.46666583,0.28152055,0.75057507,2.4618413,-0.8115728,6.4370594
"<1783681688327>" ,-0.37301198,0.4687634,0.28235355,0.7492659,2.461313,-0.8123346,6.4375644
"<1783681688360>" ,-0.37242922,0.46912637,0.28557554,0.7481066,2.460473,-0.81337744,6.4390874
"<1783681688392>" ,-0.36943936,0.47131112,0.2893895,0.74674904,2.4596968,-0.8144447,6.4404182
"<1783681688426>" ,-0.36785108,0.47154316,0.29172128,0.7464793,2.458912,-0.81521463,6.4414005
"<1783681688461>" ,-0.36956024,0.47189268,0.2914475,0.7455205,2.458154,-0.815327,6.44144
"<1783681688494>" ,-0.37199268,0.47198027,0.2909359,0.74445444,2.4574366,-0.81510675,6.440934
"<1783681688528>" ,-0.37473732,0.47037268,0.29029125,0.744347,2.4565983,-0.8147348,6.439993
"<1783681688560>" ,-0.37922618,0.46875948,0.28943092,0.74342567,2.4555285,-0.8141585,6.4387717
"<1783681688595>" ,-0.38465297,0.46676496,0.29029328,0.74155396,2.4539523,-0.8133264,6.437573
"<1783681688628>" ,-0.38925016,0.4656599,0.2921935,0.7390995,2.452227,-0.8125107,6.4364576
"<1783681688661>" ,-0.39363423,0.46449885,0.29512438,0.73633856,2.450413,-0.8119132,6.4353366
"<1783681688694>" ,-0.39614487,0.46489754,0.29656935,0.73415667,2.4495883,-0.8110176,6.434261
"<1783681688727>" ,-0.39682668,0.46568206,0.29626763,0.7334127,2.449336,-0.8100833,6.43333
"<1783681688760>" ,-0.39752758,0.46620926,0.29566097,0.73294294,2.4493651,-0.8095911,6.4325147
"<1783681688795>" ,-0.3978992,0.46629626,0.29628497,0.73243374,2.449572,-0.80955493,6.432494
"<1783681688828>" ,-0.39812836,0.46724397,0.29653886,0.731602,2.4499032,-0.80948627,6.432287
"<1783681688860>" ,-0.39845607,0.46828017,0.29508635,0.7313484,2.4505167,-0.8088028,6.4324894
"<1783681688895>" ,-0.39911288,0.46876666,0.2941001,0.73107576,2.4509537,-0.80818117,6.4321666
"<1783681688928>" ,-0.39915258,0.46828943,0.2935254,0.7315908,2.4513583,-0.8075182,6.4319644
"<1783681688963>" ,-0.39837107,0.4663338,0.29348612,0.73327965,2.4517505,-0.8070363,6.431889
"<1783681688995>" ,-0.397689,0.46571255,0.2930199,0.7342306,2.452146,-0.80640996,6.4319463
"<1783681689028>" ,-0.39677912,0.46620655,0.2921631,0.7347506,2.452434,-0.805976,6.4320335
"<1783681689062>" ,-0.39654714,0.46567956,0.29418334,0.7344039,2.4520357,-0.80639446,6.4321976
"<1783681689095>" ,-0.39747757,0.4665609,0.29695943,0.73222107,2.4515355,-0.8070805,6.4325056
"<1783681689130>" ,-0.39822528,0.4667377,0.29838732,0.73112077,2.4512117,-0.80735373,6.4325056
"<1783681689162>" ,-0.3982316,0.46729034,0.29806557,0.7308955,2.451129,-0.8065342,6.432289
"<1783681689196>" ,-0.39751798,0.4674575,0.29793093,0.73123187,2.4511597,-0.80490315,6.4322248
"<1783681689230>" ,-0.39563105,0.467463,0.29768977,0.73234904,2.4512212,-0.803415,6.4321623
"<1783681689263>" ,-0.39281067,0.46682847,0.29776812,0.73423773,2.4511197,-0.8021152,6.4321375
"<1783681689296>" ,-0.39100486,0.46821433,0.2981005,0.7341842,2.450552,-0.80133224,6.4315844
"<1783681689329>" ,-0.38838035,0.47039548,0.29561874,0.7351859,2.4502413,-0.8003773,6.430979
"<1783681689362>" ,-0.3846732,0.47061723,0.29371345,0.7377522,2.4493387,-0.7994594,6.4302225
"<1783681689396>" ,-0.3885464,0.4666546,0.2959232,0.7373565,2.4464328,-0.79947853,6.4283957
"<1783681689430>" ,-0.3892597,0.46763018,0.2945751,0.73690194,2.4445634,-0.7992564,6.427194
"<1783681689463>" ,-0.3897619,0.4660835,0.29241604,0.73847467,2.4428258,-0.7988192,6.4257417
"<1783681689496>" ,-0.39076754,0.4666391,0.29091728,0.7381841,2.4417906,-0.7992699,6.4246383
"<1783681689530>" ,-0.39166313,0.46608865,0.2905655,0.7381958,2.440993,-0.80011964,6.4236894
"<1783681689564>" ,-0.39165235,0.46679983,0.28825584,0.7386575,2.4408505,-0.8004262,6.422913
"<1783681689597>" ,-0.39326277,0.46703953,0.28787848,0.737797,2.440075,-0.8013249,6.422136
"<1783681689629>" ,-0.39438003,0.46683156,0.28725997,0.7375733,2.439297,-0.802018,6.421267
"<1783681689663>" ,-0.39365205,0.4684922,0.28677675,0.7370971,2.4388158,-0.8027072,6.420663
"<1783681689698>" ,-0.3932883,0.46887597,0.28774533,0.7366697,2.438243,-0.8038074,6.420419
"<1783681689730>" ,-0.3940227,0.46967658,0.28663152,0.73620135,2.4375694,-0.8043845,6.4193687
"<1783681689763>" ,-0.39403313,0.47001576,0.28463796,0.73675245,2.437325,-0.80431116,6.418647
"<1783681689797>" ,-0.3944229,0.47026125,0.28288373,0.7370629,2.4367046,-0.8040926,6.417558
"<1783681689832>" ,-0.3960097,0.4701806,0.28240854,0.7364454,2.4357264,-0.80406046,6.4165163
"<1783681689865>" ,-0.39823633,0.46944743,0.28284606,0.735544,2.4347198,-0.8040734,6.415867
"<1783681689899>" ,-0.398573,0.46986866,0.28150177,0.73560846,2.4343033,-0.8029999,6.415339
"<1783681689930>" ,-0.39771217,0.46998718,0.2813194,0.7360682,2.4340582,-0.8016955,6.4150095
"<1783681689964>" ,-0.3974772,0.47082517,0.28064558,0.73591673,2.4340694,-0.8004884,6.4147325
"<1783681689998>" ,-0.39762932,0.47205424,0.28032947,0.73516744,2.4343166,-0.8000188,6.414385
"<1783681690031>" ,-0.39787185,0.4726516,0.28019103,0.7347049,2.434772,-0.80001026,6.4139934
"<1783681690065>" ,-0.3992297,0.47334826,0.27939755,0.7338216,2.4351447,-0.8006732,6.413047
"<1783681690098>" ,-0.39887556,0.47446978,0.27692991,0.73422515,2.436242,-0.8011609,6.4125175
"<1783681690132>" ,-0.3986601,0.4752794,0.276098,0.7341318,2.4370167,-0.80173844,6.412077
"<1783681690164>" ,-0.39903218,0.475727,0.27475575,0.73414326,2.4373515,-0.8017717,6.411609
"<1783681690200>" ,-0.399928,0.47590172,0.27344778,0.734031,2.437598,-0.8007481,6.4116116
"<1783681690232>" ,-0.3979974,0.47615188,0.27257824,0.7352405,2.4377913,-0.7994486,6.411704
"<1783681690265>" ,-0.39648584,0.476961,0.27191812,0.7357769,2.4377217,-0.7981665,6.411731
"<1783681690299>" ,-0.3968244,0.47747663,0.27151296,0.7354095,2.4373994,-0.79708827,6.4119925
"<1783681690333>" ,-0.3974844,0.47800493,0.27107453,0.7348713,2.4370613,-0.7961017,6.4119806
"<1783681690366>" ,-0.39724144,0.47859383,0.27097532,0.7346561,2.4368331,-0.7947047,6.411883
"<1783681690401>" ,-0.39609262,0.47809893,0.27044222,0.7357941,2.4367876,-0.79292357,6.4121366
"<1783681690433>" ,-0.39390686,0.47882313,0.26930737,0.736912,2.4369733,-0.79051477,6.412648
"<1783681690467>" ,-0.39122263,0.4783711,0.26888233,0.7387883,2.4369714,-0.7877246,6.4133224
"<1783681690500>" ,-0.38853055,0.4789616,0.2692176,0.7397037,2.4369993,-0.7842481,6.414577
"<1783681690532>" ,-0.38531837,0.4812778,0.26846018,0.7401557,2.4369907,-0.78022575,6.415511
"<1783681690566>" ,-0.38070697,0.48216715,0.26686457,0.74253637,2.4370742,-0.7755699,6.416253
"<1783681690599>" ,-0.37648487,0.4824464,0.26758358,0.74424696,2.436399,-0.7710813,6.416958
"<1783681690633>" ,-0.37352204,0.48202547,0.27038598,0.7449994,2.434816,-0.7669018,6.4174204
"<1783681690665>" ,-0.37081888,0.48275372,0.27165574,0.74541616,2.4332204,-0.7629177,6.417379
"<1783681690699>" ,-0.36846042,0.48400453,0.2722537,0.7455564,2.431367,-0.758829,6.4171557
"<1783681690734>" ,-0.36541402,0.48456258,0.27303115,0.7464085,2.429129,-0.75482684,6.4168863
"<1783681690767>" ,-0.36295184,0.48307237,0.274944,0.7478722,2.4261346,-0.7512527,6.416328
"<1783681690800>" ,-0.3616865,0.48151055,0.2764565,0.7489341,2.4225495,-0.7478981,6.4151816
"<1783681690833>" ,-0.36190447,0.4830008,0.27530357,0.7482936,2.4190972,-0.74412,6.4136596
"<1783681690867>" ,-0.36230165,0.48704174,0.27175936,0.7467762,2.4157615,-0.7398665,6.4119706
"<1783681690900>" ,-0.36202165,0.48855865,0.26985893,0.7466103,2.4114115,-0.73548245,6.410465
"<1783681690933>" ,-0.3583948,0.48857608,0.26842794,0.74886113,2.4067032,-0.73092896,6.4092946
"<1783681690966>" ,-0.3525435,0.48963746,0.26677445,0.7515315,2.401668,-0.7257086,6.4082847
"<1783681691000>" ,-0.34828076,0.49084076,0.2652778,0.75326186,2.395757,-0.7216437,6.406779
"<1783681691034>" ,-0.34679517,0.4921793,0.26444748,0.7533659,2.3886745,-0.71874994,6.4047637
"<1783681691067>" ,-0.34701112,0.49394622,0.2640067,0.7522638,2.3808212,-0.7168953,6.402527
"<1783681691101>" ,-0.3469687,0.49617112,0.26374364,0.7509103,2.3725638,-0.7161596,6.4002085
"<1783681691133>" ,-0.34679547,0.49746987,0.26444083,0.74988514,2.363827,-0.7162432,6.3981104
"<1783681691167>" ,-0.34630555,0.4976655,0.26683202,0.7491343,2.3545992,-0.71694225,6.3963532
"<1783681691201>" ,-0.34586832,0.4991423,0.27092192,0.7468824,2.345133,-0.719027,6.3950467
"<1783681691233>" ,-0.34554046,0.5002733,0.27457312,0.7449417,2.335941,-0.72185653,6.3938317
"<1783681691267>" ,-0.3453761,0.5007944,0.27640814,0.7439884,2.3275485,-0.724729,6.3926272
"<1783681691301>" ,-0.34632793,0.5007309,0.27656057,0.7435319,2.3198392,-0.7280127,6.3908257
"<1783681691335>" ,-0.34933734,0.50107163,0.27545887,0.74230254,2.3126566,-0.73150635,6.3883295
"<1783681691368>" ,-0.35293332,0.5014833,0.27346963,0.7410579,2.306217,-0.7345828,6.385768
"<1783681691401>" ,-0.35632288,0.50023335,0.2718501,0.7408766,2.299993,-0.73776335,6.382995
"<1783681691435>" ,-0.35840395,0.5002363,0.27086267,0.74023217,2.2943165,-0.74099547,6.380474
"<1783681691468>" ,-0.36018595,0.49999693,0.27242395,0.73895484,2.2890666,-0.74465966,6.3783603
"<1783681691501>" ,-0.36149457,0.49746776,0.2767457,0.73841673,2.2834935,-0.7489597,6.376303
"<1783681691535>" ,-0.36260247,0.49461842,0.2817424,0.73789793,2.2785897,-0.75329185,6.3743076
"<1783681691569>" ,-0.36308345,0.49286634,0.2836474,0.73810387,2.2757416,-0.75636595,6.372801
"<1783681691602>" ,-0.36462393,0.4917424,0.283707,0.73807114,2.2730515,-0.75963527,6.370527
"<1783681691635>" ,-0.36739755,0.4913189,0.28400883,0.73686075,2.270715,-0.7632879,6.368281
"<1783681691669>" ,-0.37093583,0.49080405,0.2847681,0.7351361,2.2686536,-0.76728576,6.366189
"<1783681691703>" ,-0.37416008,0.48983413,0.28598523,0.7336751,2.2669623,-0.7715697,6.364484
"<1783681691734>" ,-0.37595543,0.48915932,0.2861761,0.73313296,2.2659147,-0.77534676,6.363128
"<1783681691769>" ,-0.37772548,0.4894007,0.28598773,0.7321348,2.2646644,-0.778891,6.361893
"<1783681691803>" ,-0.37830448,0.48933527,0.2851716,0.73219794,2.2639728,-0.78188545,6.361052
"<1783681691836>" ,-0.37831786,0.489714,0.28478944,0.73208666,2.2635586,-0.7844739,6.3604865
"<1783681691869>" ,-0.37944856,0.48967972,0.2846367,0.7315835,2.2628016,-0.78695047,6.3595033
"<1783681691903>" ,-0.37941387,0.48939982,0.28278404,0.73250675,2.2626498,-0.7889138,6.3587365
"<1783681691936>" ,-0.37972486,0.4892158,0.281743,0.7328695,2.2625568,-0.7906308,6.358083
"<1783681691969>" ,-0.3804703,0.48837507,0.2811259,0.7332805,2.261694,-0.79249537,6.356849
"<1783681692003>" ,-0.37871587,0.48916486,0.27874503,0.7345701,2.2620726,-0.7937285,6.356419
"<1783681692036>" ,-0.37674975,0.49205568,0.27722678,0.73422486,2.2625706,-0.79486316,6.3563166
"<1783681692070>" ,-0.37553528,0.49310634,0.2765146,0.73441064,2.262367,-0.79667956,6.355748
"<1783681692103>" ,-0.3746453,0.4932021,0.27590415,0.7350303,2.262096,-0.79831684,6.3554225
"<1783681692138>" ,-0.37482783,0.49443275,0.27557915,0.73423195,2.261809,-0.799695,6.3551273
"<1783681692170>" ,-0.3745395,0.49461505,0.27346668,0.7350456,2.261846,-0.80085266,6.354385
"<1783681692204>" ,-0.37504548,0.4941048,0.26968896,0.73652506,2.262079,-0.8016716,6.353431
"<1783681692237>" ,-0.3758519,0.49375212,0.26555023,0.73785305,2.2624125,-0.8023181,6.352526
"<1783681692271>" ,-0.3759432,0.4934362,0.26122084,0.7395614,2.2626681,-0.8031836,6.351433
"<1783681692304>" ,-0.37659302,0.49266493,0.25829238,0.7407725,2.2627828,-0.80438554,6.350563
"<1783681692337>" ,-0.37809962,0.4920965,0.25695157,0.74084914,2.262609,-0.80571574,6.3498964
"<1783681692371>" ,-0.37835896,0.491727,0.25646067,0.74113226,2.2622938,-0.8065509,6.3493667
"<1783681692405>" ,-0.37720832,0.49188,0.25563133,0.7419033,2.2621524,-0.8070996,6.3489532
"<1783681692437>" ,-0.37663192,0.491632,0.2552115,0.7425049,2.261926,-0.80759203,6.3485074
"<1783681692470>" ,-0.3788179,0.49117333,0.254741,0.7418576,2.261327,-0.8079113,6.3475957
"<1783681692504>" ,-0.38280016,0.48960653,0.25388467,0.7411424,2.2605975,-0.80857944,6.3461313
"<1783681692538>" ,-0.38659447,0.48596013,0.25132924,0.7424426,2.2599876,-0.8093692,6.3443713
"<1783681692571>" ,-0.39183533,0.48618326,0.24830791,0.7405634,2.2594764,-0.809324,6.3427887
"<1783681692605>" ,-0.39643312,0.48961002,0.24506164,0.7369312,2.259383,-0.8093384,6.3412175
"<1783681692638>" ,-0.3999713,0.4883887,0.24238867,0.73671377,2.2591949,-0.80976665,6.339744
"<1783681692671>" ,-0.40188703,0.48744044,0.2400693,0.73705846,2.259276,-0.80941826,6.339047
"<1783681692705>" ,-0.40018544,0.49005523,0.2378233,0.73697865,2.2601914,-0.80851567,6.339015
"<1783681692738>" ,-0.39777914,0.49064225,0.23665364,0.73826617,2.2610526,-0.80773586,6.339257
"<1783681692771>" ,-0.39615476,0.488228,0.2383991,0.74017614,2.2614458,-0.8072323,6.3397975
"<1783681692805>" ,-0.39425296,0.48603967,0.24215202,0.7414125,2.2617085,-0.80670136,6.340696
"<1783681692839>" ,-0.39119852,0.48591426,0.24349023,0.7426732,2.2626574,-0.80560726,6.341871
"<1783681692872>" ,-0.38881958,0.48619154,0.24348293,0.74374264,2.263879,-0.8042477,6.3428297
"<1783681692907>" ,-0.38570306,0.48517585,0.2444866,0.7456969,2.265287,-0.8026602,6.3439646
"<1783681692939>" ,-0.38143823,0.48374334,0.24459352,0.74877983,2.2671614,-0.8008456,6.3452196
"<1783681692972>" ,-0.3777868,0.48376325,0.24356034,0.75095177,2.2692018,-0.79858446,6.346256
"<1783681693006>" ,-0.37472644,0.48473215,0.24387296,0.7517585,2.270968,-0.7962615,6.3474045
"<1783681693039>" ,-0.37231827,0.48596302,0.2452731,0.7517049,2.2727003,-0.7936173,6.3487005
"<1783681693073>" ,-0.36785054,0.4871972,0.24419962,0.75345296,2.2749043,-0.7897945,6.350536
"<1783681693107>" ,-0.3634195,0.4883597,0.24271066,0.75532943,2.2774177,-0.78555465,6.3525033
"<1783681693139>" ,-0.3596647,0.4894099,0.24294253,0.7563717,2.280144,-0.7813406,6.354731
"<1783681693173>" ,-0.35616344,0.4878638,0.24369141,0.75878257,2.2829022,-0.7771246,6.3573728
"<1783681693206>" ,-0.35298628,0.48573434,0.24321234,0.7617813,2.286786,-0.77261496,6.3605742
"<1783681693239>" ,-0.34770834,0.48465532,0.24316876,0.7649033,2.2917984,-0.7678019,6.3646126
"<1783681693273>" ,-0.34080693,0.48107255,0.244356,0.7698766,2.2972658,-0.7631581,6.3692627
"<1783681693307>" ,-0.33449748,0.47735476,0.24510565,0.77470446,2.303554,-0.7582842,6.3743615
"<1783681693340>" ,-0.32899585,0.47628132,0.2428746,0.7784149,2.31117,-0.75266093,6.379636
"<1783681693374>" ,-0.32529974,0.4773851,0.23882392,0.78054255,2.3201232,-0.74654925,6.385028
"<1783681693407>" ,-0.32275072,0.47792107,0.23610587,0.78209805,2.3294663,-0.740647,6.3905177
"<1783681693441>" ,-0.32010922,0.47687915,0.23428793,0.7843631,2.339373,-0.7350734,6.396107
"<1783681693474>" ,-0.31858397,0.47536418,0.231176,0.78682315,2.3499916,-0.73018616,6.401077
"<1783681693510>" ,-0.3195299,0.47618833,0.22836135,0.78676325,2.3610997,-0.7253113,6.406132
"<1783681693541>" ,-0.32024783,0.4776171,0.22733247,0.7859028,2.3725328,-0.7208546,6.4113307
"<1783681693575>" ,-0.32217726,0.47518194,0.227641,0.7865008,2.3836725,-0.71741074,6.4161434
"<1783681693607>" ,-0.3259306,0.47427303,0.2267794,0.7857516,2.395176,-0.71401006,6.4205184
"<1783681693641>" ,-0.32908133,0.47699368,0.2251023,0.78326964,2.4072406,-0.7104819,6.4247837
"<1783681693674>" ,-0.3330437,0.47503722,0.22486591,0.78285176,2.4190109,-0.70747846,6.429038
"<1783681693707>" ,-0.33715034,0.4707172,0.2226365,0.7843392,2.4364994,-0.70298237,6.4349494
"<1783681693741>" ,-0.3387888,0.4729659,0.22071528,0.7828219,2.4485028,-0.6996972,6.4393697
"<1783681693774>" ,-0.33978376,0.47062424,0.22176461,0.78350514,2.4590337,-0.6973063,6.443701
"<1783681693809>" ,-0.34043124,0.46712393,0.2245488,0.78452516,2.4684474,-0.69554913,6.4478164
"<1783681693842>" ,-0.34154105,0.46627095,0.22517222,0.78437144,2.4775724,-0.6937068,6.451506
"<1783681693874>" ,-0.3438451,0.46618295,0.22450437,0.78360814,2.4864469,-0.69152963,6.454831
"<1783681693908>" ,-0.34621018,0.46574074,0.22389854,0.78300285,2.4942274,-0.68963325,6.4579024
"<1783681693942>" ,-0.34405765,0.46421814,0.22584121,0.7842969,2.5013313,-0.68786037,6.461423
"<1783681693975>" ,-0.33954644,0.45906118,0.23177974,0.787559,2.5076902,-0.6863523,6.4655147
"<1783681694011>" ,-0.33498454,0.4536929,0.237124,0.7910248,2.5131016,-0.6846714,6.4690785
"<1783681694043>" ,-0.3300753,0.45311123,0.24151315,0.7920934,2.5183098,-0.68268174,6.472449
"<1783681694076>" ,-0.32616478,0.4528036,0.24555334,0.79264677,2.5232015,-0.6807144,6.474574
"<1783681694109>" ,-0.3249208,0.4498405,0.2493563,0.793657,2.5269728,-0.6790364,6.4764066
"<1783681694143>" ,-0.32387048,0.45034507,0.25114965,0.7932346,2.5307388,-0.6773147,6.4777474
"<1783681694176>" ,-0.3216362,0.45261556,0.25067726,0.79300076,2.534709,-0.6753376,6.4779835
"<1783681694210>" ,-0.31953746,0.45013484,0.2508215,0.7952125,2.5379996,-0.6742512,6.4780326
"<1783681694243>" ,-0.3187495,0.44791737,0.25132716,0.79661995,2.5409057,-0.6736753,6.477367
"<1783681694276>" ,-0.32093242,0.44609126,0.24998704,0.7971897,2.5432959,-0.67322266,6.4752493
"<1783681694309>" ,-0.32531038,0.4440578,0.24618512,0.7977335,2.545837,-0.6733309,6.4729805
"<1783681694343>" ,-0.3301662,0.4424484,0.2422898,0.7978254,2.548048,-0.6736084,6.4704013
"<1783681694377>" ,-0.33555347,0.43954435,0.2390165,0.79817027,2.5498054,-0.6740158,6.4677463
"<1783681694410>" ,-0.33919737,0.4372705,0.23411445,0.79933095,2.5517347,-0.67417574,6.465361
"<1783681694444>" ,-0.34219918,0.43599036,0.22911164,0.8001999,2.5535502,-0.6740996,6.4632173
"<1783681694477>" ,-0.34558427,0.43375167,0.22594987,0.8008606,2.5546126,-0.6743734,6.4611864
"<1783681694511>" ,-0.34824342,0.43215182,0.223843,0.8011652,2.5552394,-0.67478186,6.4594846
"<1783681694544>" ,-0.34974548,0.43293682,0.22204326,0.80058765,2.5557733,-0.6747745,6.458009
"<1783681694578>" ,-0.35087162,0.4324763,0.2203062,0.8008236,2.5562165,-0.67461425,6.45677
"<1783681694610>" ,-0.35140458,0.43181965,0.218474,0.80144596,2.5566974,-0.6742411,6.45586
"<1783681694647>" ,-0.35050938,0.43379006,0.2160545,0.80142987,2.557634,-0.6736939,6.4554205
"<1783681694678>" ,-0.34926656,0.43536037,0.21252942,0.8020632,2.5586455,-0.67304945,6.4550204
"<1783681694710>" ,-0.34868774,0.43509346,0.20976594,0.80318666,2.559311,-0.67277414,6.4546723
"<1783681694745>" ,-0.3493624,0.4350566,0.20930825,0.8030329,2.5596786,-0.67309415,6.4545584
"<1783681694778>" ,-0.3507378,0.43493658,0.21008211,0.80229586,2.559734,-0.6736596,6.454533
"<1783681694810>" ,-0.3524922,0.43473163,0.21050006,0.80152816,2.559847,-0.67429894,6.4545355
"<1783681694844>" ,-0.35399812,0.4351393,0.20987655,0.8008064,2.560385,-0.67471564,6.4545655
"<1783681694878>" ,-0.35500592,0.4353103,0.20986769,0.8002695,2.5608487,-0.67504334,6.454743
"<1783681694911>" ,-0.35534585,0.43490243,0.21018876,0.80025613,2.5612304,-0.6751795,6.455012
"<1783681694944>" ,-0.35461116,0.43556786,0.20958821,0.8003776,2.5617356,-0.6746561,6.455499
"<1783681694977>" ,-0.353333,0.43671146,0.20904899,0.8004608,2.562208,-0.67412627,6.456154
"<1783681695012>" ,-0.3525009,0.43732247,0.20955141,0.8003627,2.5622563,-0.67387706,6.4567375
"<1783681695045>" ,-0.35206112,0.43890676,0.21053177,0.7994311,2.5620162,-0.67372376,6.4572506
"<1783681695078>" ,-0.35254726,0.4394216,0.21229744,0.7984665,2.5612488,-0.6733571,6.4578056
"<1783681695112>" ,-0.3522168,0.43985054,0.21312566,0.79815555,2.5606828,-0.6729566,6.458467
"<1783681695145>" ,-0.3502052,0.44143987,0.21315706,0.7981549,2.5604665,-0.67251533,6.4593906
"<1783681695178>" ,-0.34774742,0.4415951,0.21434923,0.7988241,2.5598555,-0.6724475,6.460406
"<1783681695212>" ,-0.3459862,0.44107094,0.21667384,0.7992512,2.5586917,-0.6730209,6.461288
"<1783681695245>" ,-0.344848,0.44135356,0.21873607,0.7990253,2.5571747,-0.6740745,6.4619637
"<1783681695279>" ,-0.3433643,0.4423298,0.22054042,0.79862833,2.55528,-0.6752864,6.462417
"<1783681695312>" ,-0.34231517,0.44169608,0.22298169,0.7987516,2.5528414,-0.67695415,6.462555
"<1783681695345>" ,-0.34133545,0.44074094,0.22418775,0.7993606,2.5501466,-0.678979,6.462419
"<1783681695378>" ,-0.34065711,0.44080174,0.22502743,0.79938054,2.546996,-0.68134767,6.4618907
"<1783681695412>" ,-0.34091097,0.44095808,0.22626571,0.79883635,2.5429707,-0.6839943,6.4609394
"<1783681695446>" ,-0.34142196,0.44159195,0.22762758,0.79788053,2.538002,-0.6867867,6.459837
"<1783681695479>" ,-0.34278786,0.4419434,0.22916134,0.79666024,2.5323138,-0.6898816,6.458336
"<1783681695512>" ,-0.3433221,0.4428798,0.23001966,0.7956622,2.526316,-0.69349337,6.4566665
"<1783681695546>" ,-0.34520656,0.44370773,0.23219056,0.79375273,2.5195985,-0.6975284,6.4546227
"<1783681695579>" ,-0.34742635,0.44497904,0.23443903,0.7914081,2.5125597,-0.70191807,6.4523935
"<1783681695612>" ,-0.3494433,0.4467361,0.23464136,0.789468,2.505926,-0.7065423,6.449967
"<1783681695646>" ,-0.35073233,0.4483251,0.2331098,0.7884486,2.4997525,-0.7112293,6.447537
"<1783681695681>" ,-0.3526556,0.45060214,0.22998643,0.787209,2.4936836,-0.71571743,6.4450746
"<1783681695712>" ,-0.35505733,0.45324582,0.22667074,0.7855717,2.4877203,-0.72026634,6.4424634
"<1783681695747>" ,-0.35737172,0.45352224,0.22439706,0.7850153,2.481343,-0.72570026,6.4398475
"<1783681695781>" ,-0.36081824,0.4548832,0.22450858,0.78261566,2.4744759,-0.73186564,6.4374127
"<1783681695813>" ,-0.36012205,0.46071184,0.22282566,0.7800034,2.4685917,-0.7376038,6.4356275
"<1783681695847>" ,-0.3581207,0.46288198,0.22030826,0.78035504,2.4627895,-0.7433342,6.4338975
"<1783681695880>" ,-0.35716563,0.4608506,0.2197495,0.78215057,2.4566839,-0.74915195,6.431884
"<1783681695913>" ,-0.35379344,0.45761228,0.21955808,0.7856306,2.4509263,-0.75480783,6.430184
"<1783681695946>" ,-0.34989643,0.44954094,0.21981825,0.7919377,2.4448683,-0.7608569,6.4284644
"<1783681695982>" ,-0.3480591,0.44200557,0.22181,0.79642093,2.4382935,-0.7675291,6.426741
"<1783681696014>" ,-0.347379,0.43953416,0.22531205,0.7971022,2.4313867,-0.7746871,6.425259
"<1783681696047>" ,-0.35045013,0.43846253,0.22921365,0.7952335,2.4239264,-0.7819645,6.423737
"<1783681696082>" ,-0.3565441,0.44025323,0.23276134,0.7904907,2.4161394,-0.78921634,6.4220924
"<1783681696115>" ,-0.36148554,0.44184747,0.2354178,0.7865605,2.408727,-0.79599744,6.4208126
"<1783681696148>" ,-0.3644723,0.43955353,0.23699655,0.78599316,2.4019775,-0.80197245,6.4199924
"<1783681696181>" ,-0.36478642,0.43641064,0.23681523,0.78765166,2.3961601,-0.8073106,6.4194226
"<1783681696215>" ,-0.36471927,0.43438333,0.23679253,0.7888094,2.3909001,-0.812373,6.4188647
"<1783681696248>" ,-0.36681503,0.4286293,0.2391689,0.79026693,2.3854399,-0.81795985,6.4178557
"<1783681696282>" ,-0.36857873,0.4231796,0.24164371,0.7916294,2.3806505,-0.8235469,6.4168944
"<1783681696315>" ,-0.3684625,0.422755,0.24194641,0.7918178,2.3773088,-0.8282101,6.4158626
"<1783681696348>" ,-0.37005684,0.41974062,0.24304557,0.7923412,2.3742962,-0.83260256,6.4143457
"<1783681696383>" ,-0.37307745,0.41782415,0.24324325,0.7918768,2.3722007,-0.835868,6.412218
"<1783681696415>" ,-0.37584546,0.42040646,0.24033202,0.790088,2.3709545,-0.8375702,6.410051
"<1783681696448>" ,-0.37737116,0.42024153,0.23692563,0.7904772,2.3702343,-0.8386059,6.407971
"<1783681696483>" ,-0.37760645,0.42220762,0.23360814,0.7903046,2.3704064,-0.8391167,6.4064918
"<1783681696514>" ,-0.37752312,0.42437407,0.23156093,0.7897863,2.370383,-0.8395395,6.405472
"<1783681696549>" ,-0.37712714,0.42475685,0.23044232,0.7900969,2.3701634,-0.84019053,6.4049664
"<1783681696585>" ,-0.3777013,0.43078077,0.22926041,0.78689855,2.3707392,-0.84093153,6.4047475
"<1783681696616>" ,-0.37858802,0.43525964,0.22825907,0.78429455,2.3705776,-0.8410281,6.4049053
"<1783681696649>" ,-0.3776455,0.43436238,0.22819427,0.7852647,2.3704002,-0.84108233,6.4053726
"<1783681696686>" ,-0.37450445,0.43624905,0.22721191,0.7860075,2.3708892,-0.8403083,6.406443
"<1783681696715>" ,-0.3715394,0.4346107,0.22738026,0.78827035,2.3710356,-0.839046,6.4072895
"<1783681696750>" ,-0.36883104,0.43202394,0.22572209,0.79143447,2.3714159,-0.83697504,6.4076552
"<1783681696785>" ,-0.36559966,0.4333897,0.22141965,0.7934,2.3724332,-0.83409894,6.408009
"<1783681696817>" ,-0.36306763,0.43308613,0.21838933,0.7955654,2.37303,-0.83190036,6.408005
"<1783681696849>" ,-0.3613122,0.43446937,0.21669494,0.79607356,2.3730438,-0.83025557,6.407632
"<1783681696887>" ,-0.36168277,0.43669543,0.21540186,0.79503757,2.3727014,-0.82902026,6.4067535
"<1783681696916>" ,-0.363358,0.4360556,0.2146033,0.7948408,2.3719637,-0.82843477,6.405486
"<1783681696950>" ,-0.36629626,0.43783796,0.21505019,0.7923877,2.371102,-0.8286294,6.404111
"<1783681696987>" ,-0.36837023,0.4382851,0.2157298,0.79099315,2.3702347,-0.8293494,6.402682
"<1783681697017>" ,-0.37111002,0.43474227,0.21779601,0.7911014,2.369254,-0.8307765,6.4011803
"<1783681697050>" ,-0.37345725,0.43477187,0.21826872,0.7898492,2.3690684,-0.8320827,6.4000173
"<1783681697084>" ,-0.3746325,0.43507153,0.2168742,0.78951174,2.369519,-0.832256,6.399233
"<1783681697116>" ,-0.37273425,0.43414655,0.21592827,0.7911769,2.370287,-0.8317641,6.39942
"<1783681697149>" ,-0.37172088,0.4297861,0.21851717,0.7933207,2.370337,-0.8319453,6.400123
"<1783681697185>" ,-0.37287894,0.42907026,0.2213442,0.7923804,2.3702497,-0.83233017,6.4010773
"<1783681697216>" ,-0.3741166,0.42669407,0.22262366,0.7927216,2.3702211,-0.8331642,6.4019775
"<1783681697251>" ,-0.37504646,0.42561638,0.22451273,0.7923288,2.3704576,-0.8343722,6.4028807
"<1783681697285>" ,-0.3770038,0.42249155,0.22707538,0.792342,2.370611,-0.83586866,6.4035487
"<1783681697317>" ,-0.3813935,0.41725922,0.22871976,0.7925408,2.3705733,-0.83780074,6.4035244
"<1783681697351>" ,-0.3874138,0.41654128,0.2291569,0.7898677,2.370926,-0.83935475,6.4035654
"<1783681697384>" ,-0.3895837,0.41717044,0.22804748,0.7887888,2.372044,-0.83987284,6.403895
"<1783681697418>" ,-0.38696125,0.4153925,0.22677173,0.7913815,2.3735967,-0.83962,6.4048505
"<1783681697451>" ,-0.38368103,0.4157993,0.22658475,0.7928172,2.3747377,-0.83910257,6.4061627
"<1783681697486>" ,-0.382016,0.41516972,0.22933833,0.79315937,2.3746717,-0.8391738,6.4072065
"<1783681697518>" ,-0.38080776,0.4152473,0.23340245,0.792514,2.374212,-0.83981264,6.408272
"<1783681697551>" ,-0.37972096,0.41608682,0.23567478,0.7919224,2.3740754,-0.840354,6.409109
"<1783681697587>" ,-0.37912712,0.41641438,0.23593146,0.79195833,2.3740547,-0.84045863,6.4095683
"<1783681697618>" ,-0.3784181,0.41755754,0.23499514,0.7919739,2.3744183,-0.84015524,6.409691
"<1783681697652>" ,-0.37722802,0.41699755,0.23558897,0.79266,2.3743677,-0.8397476,6.4099455
"<1783681697686>" ,-0.3748451,0.4183876,0.23644264,0.7928038,2.3742228,-0.8387036,6.410796
"<1783681697718>" ,-0.37145323,0.41961774,0.23855203,0.7931181,2.3740828,-0.837736,6.4120436
"<1783681697752>" ,-0.36930892,0.42274863,0.23951043,0.7921674,2.374104,-0.8368617,6.413063
"<1783681697786>" ,-0.37066954,0.42871708,0.2387894,0.7885336,2.3737364,-0.835954,6.4133687
"<1783681697819>" ,-0.37333918,0.4319951,0.23927975,0.78533,2.373033,-0.83578426,6.413355
"<1783681697853>" ,-0.37457186,0.43098497,0.24056092,0.7849066,2.3724625,-0.8361151,6.413328
"<1783681697885>" ,-0.37456113,0.43059435,0.2394202,0.7854746,2.3725338,-0.83561146,6.4138
"<1783681697920>" ,-0.37620348,0.43308258,0.23704895,0.7840397,2.3728178,-0.83498037,6.413843
"<1783681697953>" ,-0.3778878,0.43382418,0.23733073,0.7827333,2.3724792,-0.8347099,6.414235
"<1783681697987>" ,-0.3764858,0.43380874,0.23946507,0.7827674,2.3723276,-0.83436084,6.415513
"<1783681698020>" ,-0.37252134,0.4332759,0.24202904,0.7841695,2.3725624,-0.83367354,6.4173856
"<1783681698053>" ,-0.36865777,0.4332165,0.24477911,0.78517395,2.372901,-0.8326441,6.419381
"<1783681698088>" ,-0.3648654,0.43424207,0.2477457,0.7854484,2.3732657,-0.8314675,6.421257
"<1783681698120>" ,-0.36225116,0.4352302,0.25124112,0.78500104,2.3734443,-0.8302932,6.4230804
"<1783681698153>" ,-0.36074755,0.43630096,0.2528695,0.7845761,2.374002,-0.8287322,6.424201
"<1783681698188>" ,-0.3596708,0.4380307,0.25327653,0.7839752,2.3751795,-0.82658637,6.425185
"<1783681698220>" ,-0.3589744,0.43831095,0.25390288,0.78393507,2.3768177,-0.82415307,6.4260573
"<1783681698254>" ,-0.35891488,0.43830305,0.253212,0.7841901,2.379123,-0.82118785,6.4266796
"<1783681698289>" ,-0.35830685,0.4389616,0.25094718,0.78482765,2.3824222,-0.8175736,6.4273524
"<1783681698320>" ,-0.35696247,0.43825173,0.2501133,0.78610206,2.3859558,-0.8142028,6.428302
"<1783681698354>" ,-0.35583925,0.43756068,0.25045738,0.7868863,2.3894815,-0.81102854,6.4293294
"<1783681698388>" ,-0.35591733,0.43892145,0.24964893,0.7863499,2.393391,-0.8075529,6.4303074
"<1783681698420>" ,-0.3563763,0.43961504,0.24832651,0.7861733,2.3975224,-0.8040148,6.4312625
"<1783681698453>" ,-0.35642958,0.43871465,0.24804102,0.78674203,2.4015958,-0.80065167,6.4323235
"<1783681698487>" ,-0.35537487,0.4381505,0.24861,0.78735375,2.405631,-0.7974018,6.4333005
"<1783681698521>" ,-0.35472986,0.43864867,0.24900755,0.7872416,2.4098434,-0.79395753,6.4345703
"<1783681698554>" ,-0.3545277,0.4392327,0.24841096,0.78719544,2.4143636,-0.790289,6.4355145
"<1783681698589>" ,-0.35355335,0.43919057,0.2479872,0.78779054,2.4189453,-0.7865607,6.436335
"<1783681698621>" ,-0.3521448,0.43747005,0.24806291,0.7893534,2.4235969,-0.7828652,6.4370713
"<1783681698655>" ,-0.35137203,0.43731543,0.24581859,0.7904847,2.428783,-0.77892965,6.4376507
"<1783681698691>" ,-0.35238415,0.43798456,0.24344271,0.790399,2.4337,-0.7752429,6.438028
"<1783681698722>" ,-0.3536445,0.43786094,0.24236056,0.79023707,2.4386675,-0.7718749,6.4388328
"<1783681698755>" ,-0.35417944,0.43720946,0.24150173,0.79062104,2.4437995,-0.7684367,6.4402165
"<1783681698790>" ,-0.35391018,0.4391976,0.24030097,0.7900054,2.449285,-0.7649856,6.4423223
"<1783681698823>" ,-0.3521439,0.4409273,0.24142015,0.7894897,2.4546595,-0.7619721,6.4451456
"<1783681698855>" ,-0.34951004,0.4403989,0.24346305,0.79032737,2.460209,-0.7590861,6.44844
"<1783681698889>" ,-0.34702927,0.44238567,0.2439863,0.79014957,2.4657314,-0.75631607,6.4516163
"<1783681698921>" ,-0.34578344,0.44510013,0.24461706,0.78897536,2.4708018,-0.7539419,6.4543567
"<1783681698955>" ,-0.34516135,0.44636545,0.24468759,0.788511,2.4759192,-0.75171894,6.456613
"<1783681698988>" ,-0.34485748,0.44832504,0.24378784,0.7878105,2.480735,-0.74978673,6.458376
"<1783681699021>" ,-0.34364614,0.44906843,0.2438842,0.7878866,2.4850423,-0.7482956,6.459761
"<1783681699055>" ,-0.34184596,0.44865802,0.24499184,0.7885596,2.4889715,-0.74719226,6.4607434
"<1783681699092>" ,-0.34137788,0.44890857,0.24652322,0.78814244,2.4928842,-0.74583983,6.461513
"<1783681699122>" ,-0.34097412,0.45062682,0.24691157,0.78721464,2.4964728,-0.7447338,6.4612784
"<1783681699155>" ,-0.34023276,0.4515756,0.24664058,0.7870766,2.4998808,-0.74377984,6.460418
"<1783681699190>" ,-0.3392742,0.45154825,0.24755748,0.7872182,2.502846,-0.74331146,6.459186
"<1783681699222>" ,-0.3380956,0.45245257,0.24908608,0.7867237,2.5055428,-0.74313784,6.4575925
"<1783681699256>" ,-0.3375465,0.45168096,0.25105318,0.7867775,2.5079935,-0.7429951,6.455461
"<1783681699289>" ,-0.33733684,0.45077848,0.25234526,0.78697175,2.5102181,-0.7431016,6.452794
"<1783681699323>" ,-0.33612987,0.45249116,0.2516432,0.78673005,2.5127761,-0.74324167,6.4497447
"<1783681699356>" ,-0.33647716,0.45402396,0.25093728,0.78592354,2.5150921,-0.74390215,6.4459724
"<1783681699390>" ,-0.33917773,0.4535396,0.2512871,0.78493005,2.5174055,-0.74504375,6.441743
"<1783681699423>" ,-0.34061232,0.45535398,0.24950308,0.7838266,2.5202243,-0.74635106,6.4368515
"<1783681699456>" ,-0.34163296,0.454496,0.2476896,0.7844553,2.5232415,-0.7480941,6.4314346
"<1783681699490>" ,-0.3431796,0.45039248,0.2478071,0.7861082,2.5266073,-0.7497943,6.426391
"<1783681699523>" ,-0.34552473,0.4511784,0.24750677,0.7847236,2.5296087,-0.7522722,6.4199505
"<1783681699556>" ,-0.34904703,0.45153794,0.24804048,0.782787,2.532272,-0.7552294,6.4127493
"<1783681699590>" ,-0.35359696,0.4477236,0.24994886,0.78232884,2.5345695,-0.7583573,6.404689
"<1783681699624>" ,-0.35619092,0.44783577,0.24950054,0.78123015,2.537507,-0.7609388,6.3966312
"<1783681699657>" ,-0.35697666,0.44664118,0.2501277,0.7813549,2.540466,-0.7634098,6.3883405
"<1783681699690>" ,-0.35636103,0.44208744,0.25308442,0.78327125,2.5430293,-0.76600415,6.3803124
"<1783681699724>" ,-0.35593086,0.4398713,0.2557865,0.7838365,2.545644,-0.768239,6.372253
"<1783681699757>" ,-0.35674256,0.43898115,0.2558815,0.7839356,2.5484242,-0.76980543,6.3638535
"<1783681699792>" ,-0.35764495,0.43757802,0.25451562,0.7847531,2.5513487,-0.7709251,6.3548617
"<1783681699824>" ,-0.35761377,0.43620914,0.2532216,0.785947,2.5542777,-0.77158576,6.3467402
"<1783681699858>" ,-0.35695425,0.4350868,0.25173688,0.78734475,2.5570943,-0.7720454,6.3386135
"<1783681699892>" ,-0.356555,0.43406266,0.2504715,0.7884936,2.559647,-0.772339,6.33124
"<1783681699925>" ,-0.35682014,0.43521398,0.24834181,0.7884127,2.5621107,-0.77243924,6.324647
"<1783681699958>" ,-0.3576329,0.43638334,0.24550372,0.7882869,2.5642474,-0.77265775,6.3188066
"<1783681699993>" ,-0.35744953,0.437654,0.24402137,0.7881259,2.5647385,-0.773421,6.3139462
"<1783681700025>" ,-0.3553915,0.4419846,0.24328588,0.7868662,2.5659604,-0.77419484,6.310495
"<1783681700058>" ,-0.3535975,0.44494587,0.24374874,0.7858616,2.5664973,-0.77575517,6.3076305
"<1783681700092>" ,-0.35221815,0.44770586,0.24419186,0.7847752,2.5664914,-0.77794886,6.3048186
"<1783681700126>" ,-0.35120907,0.45136592,0.24426909,0.7831051,2.5661418,-0.7809526,6.302215
"<1783681700159>" ,-0.3523275,0.45431137,0.24378154,0.7810487,2.565152,-0.78448915,6.2991056
"<1783681700191>" ,-0.35496244,0.45589077,0.24225971,0.77940714,2.5637531,-0.7882352,6.2958603
"<1783681700225>" ,-0.35710055,0.45903748,0.2389327,0.77760845,2.562443,-0.791673,6.2928467
"<1783681700259>" ,-0.35862672,0.46011016,0.23641342,0.777042,2.5607238,-0.79529446,6.2901506
"<1783681700292>" ,-0.3590537,0.45861316,0.23555748,0.7779891,2.5583227,-0.79922044,6.2880526
"<1783681700326>" ,-0.35985804,0.46119025,0.23409663,0.7765336,2.5562494,-0.8028319,6.286003
"<1783681700359>" ,-0.36236504,0.46295536,0.2331013,0.7746145,2.5537496,-0.80633664,6.2837214
"<1783681700392>" ,-0.3635375,0.4631702,0.23184262,0.7743144,2.5511477,-0.80943805,6.281751
"<1783681700425>" ,-0.3634081,0.46509534,0.23125923,0.7733951,2.5489662,-0.8120415,6.2805357
"<1783681700459>" ,-0.36374283,0.46527863,0.23232205,0.77280873,2.5468545,-0.8142903,6.279823
"<1783681700492>" ,-0.36375174,0.4636043,0.23430887,0.7732109,2.5449429,-0.8164184,6.2796335
"<1783681700525>" ,-0.36306438,0.46541536,0.23525707,0.77215725,2.544019,-0.81806934,6.280125
"<1783681700559>" ,-0.3632992,0.46672514,0.23483214,0.77138525,2.5436487,-0.81923914,6.2808576
"<1783681700594>" ,-0.36419275,0.46844384,0.23366956,0.7702743,2.543553,-0.82029957,6.281759
"<1783681700626>" ,-0.36409748,0.47032478,0.23368712,0.76916707,2.5437305,-0.82158744,6.283137
"<1783681700660>" ,-0.36384615,0.47097525,0.23393774,0.76881176,2.5440097,-0.82311386,6.2846327
"<1783681700693>" ,-0.36547145,0.4709492,0.2354639,0.7675899,2.543869,-0.82491064,6.28578
"<1783681700728>" ,-0.36652473,0.47109148,0.2362881,0.7667466,2.5439446,-0.82688314,6.286854
"<1783681700761>" ,-0.36788243,0.47017708,0.23806366,0.7661082,2.543716,-0.8292667,6.287746
"<1783681700793>" ,-0.36930272,0.47027212,0.24146998,0.76429826,2.5434422,-0.83174217,6.2886558
"<1783681700827>" ,-0.36783633,0.47077963,0.24285546,0.76425403,2.5438116,-0.8333607,6.289672
"<1783681700861>" ,-0.36544913,0.47097912,0.24287608,0.76526904,2.544319,-0.8340453,6.2905626
"<1783681700894>" ,-0.36292842,0.47105873,0.24384107,0.7661123,2.544815,-0.8340084,6.2915125
"<1783681700927>" ,-0.362563,0.4712703,0.24519706,0.76572233,2.5446122,-0.8342506,6.2918844
"<1783681700960>" ,-0.36281946,0.47146913,0.24480544,0.76560384,2.5446243,-0.83473146,6.2918844
"<1783681700995>" ,-0.36199704,0.47165862,0.24421163,0.7660659,2.5449603,-0.8348542,6.2917857
"<1783681701027>" ,-0.36203682,0.4718171,0.24409658,0.76598614,2.5452511,-0.8349798,6.2916937
"<1783681701060>" ,-0.36291832,0.4715149,0.24384388,0.7658356,2.5455487,-0.8350583,6.291684
"<1783681701094>" ,-0.3645258,0.471539,0.24386738,0.76504934,2.5457134,-0.83487123,6.291731
"<1783681701127>" ,-0.36610186,0.4714038,0.2440606,0.7643182,2.5458155,-0.83446324,6.2917824
"<1783681701161>" ,-0.3667879,0.4734166,0.24290997,0.7631108,2.546013,-0.8336879,6.291878
"<1783681701194>" ,-0.36913785,0.47816497,0.24207014,0.75927436,2.5459285,-0.8331916,6.2921076
"<1783681701228>" ,-0.3707955,0.48263377,0.24223386,0.755578,2.5455883,-0.83286434,6.292833
"<1783681701262>" ,-0.3712406,0.48339966,0.24371994,0.754391,2.5449493,-0.83283234,6.293978
"<1783681701296>" ,-0.3697171,0.48046693,0.24675208,0.75602525,2.5441895,-0.8325073,6.295419
"<1783681701329>" ,-0.36629456,0.47587416,0.24873547,0.759936,2.5441575,-0.8322559,6.2970004
"<1783681701362>" ,-0.36516038,0.47266036,0.2480077,0.76272035,2.5444882,-0.8316156,6.2978783
"<1783681701394>" ,-0.36380506,0.4712119,0.24511227,0.76519614,2.545542,-0.8303163,6.298791
"<1783681701429>" ,-0.36111206,0.4702683,0.24219425,0.7679764,2.5469196,-0.82887554,6.299748
"<1783681701462>" ,-0.360116,0.4686509,0.24060924,0.7699285,2.54795,-0.8281676,6.3004417
"<1783681701496>" ,-0.36137715,0.46874472,0.24070351,0.76925075,2.548567,-0.82795525,6.300567
"<1783681701529>" ,-0.3644888,0.47159946,0.23957564,0.76638454,2.5492454,-0.8275433,6.300281
"<1783681701562>" ,-0.36763704,0.47360837,0.23737076,0.7643253,2.5499327,-0.82672584,6.2997003
"<1783681701598>" ,-0.36877677,0.47465587,0.2367237,0.7633265,2.5508957,-0.82564014,6.29967
"<1783681701629>" ,-0.36518663,0.47482657,0.23579635,0.76523095,2.5526483,-0.8239354,6.300421
"<1783681701662>" ,-0.36210683,0.4722852,0.23634396,0.76809293,2.5539806,-0.822125,6.3012385
"<1783681701696>" ,-0.35850862,0.47133344,0.23734002,0.77005583,2.5554667,-0.8198536,6.302212
"<1783681701730>" ,-0.35367092,0.4709637,0.23758592,0.77243954,2.5572698,-0.8172573,6.303276
"<1783681701763>" ,-0.35201433,0.46966562,0.23866048,0.77365446,2.5587208,-0.8150493,6.303808
"<1783681701796>" ,-0.35200763,0.46819946,0.2404601,0.77398884,2.5599782,-0.81287825,6.304165
"<1783681701829>" ,-0.35106856,0.46789312,0.24246357,0.7739757,2.561631,-0.81026024,6.3047757
"<1783681701863>" ,-0.34969553,0.46579584,0.24367312,0.7754809,2.563552,-0.8070735,6.305512
"<1783681701897>" ,-0.34736788,0.46362063,0.24536376,0.7772953,2.5653446,-0.8034666,6.3068147
"<1783681701930>" ,-0.34504688,0.46167958,0.24775882,0.7787234,2.56752,-0.79973185,6.30847
"<1783681701964>" ,-0.34323296,0.45856917,0.24872024,0.7810529,2.569891,-0.7955606,6.3101335
"<1783681701997>" ,-0.342462,0.45508024,0.2482576,0.78357506,2.5726342,-0.79093176,6.31169
"<1783681702030>" ,-0.34350058,0.45183975,0.24868655,0.7848587,2.5752323,-0.78664505,6.313275
"<1783681702063>" ,-0.3451587,0.44713238,0.2488821,0.78676283,2.57794,-0.7824279,6.3147554
"<1783681702097>" ,-0.3475458,0.4410995,0.24661127,0.7898266,2.581109,-0.77737254,6.316038
"<1783681702131>" ,-0.34850678,0.43952376,0.24155572,0.7918413,2.58508,-0.7718794,6.317803
"<1783681702164>" ,-0.3477567,0.43728262,0.23890269,0.79421324,2.5890596,-0.7667583,6.3201427
"<1783681702197>" ,-0.3466384,0.43086436,0.2401568,0.7978235,2.5923157,-0.7622179,6.32267
"<1783681702231>" ,-0.34580407,0.42584634,0.24169268,0.8004119,2.5955038,-0.7580453,6.325522
"<1783681702265>" ,-0.3459862,0.42514858,0.24166472,0.8007124,2.5990036,-0.7538917,6.328729
"<1783681702298>" ,-0.3468921,0.4252433,0.24146062,0.8003316,2.6026974,-0.7495683,6.332404
"<1783681702331>" ,-0.34703735,0.42550537,0.24113539,0.8002274,2.6062877,-0.7454046,6.336534
"<1783681702364>" ,-0.34470725,0.42718092,0.2400309,0.8006738,2.6102273,-0.7413356,6.341451
"<1783681702397>" ,-0.34075278,0.42810696,0.23942387,0.8020525,2.6143343,-0.73774946,6.3468595
"<1783681702432>" ,-0.33852026,0.42584133,0.24087657,0.8037672,2.617349,-0.73536026,6.3519945
"<1783681702466>" ,-0.33846098,0.42402688,0.2418204,0.8044677,2.619744,-0.7336651,6.3566117
"<1783681702498>" ,-0.34048876,0.42309162,0.23966165,0.8047503,2.6223426,-0.73200876,6.3606396
"<1783681702533>" ,-0.34358844,0.42244393,0.23584497,0.80490077,2.6250443,-0.7304629,6.3641887
"<1783681702566>" ,-0.34814548,0.42097446,0.23184463,0.80487466,2.6274216,-0.72906065,6.3673277
"<1783681702599>" ,-0.35246596,0.42172557,0.22714983,0.80393916,2.629826,-0.72766525,6.3704824
"<1783681702632>" ,-0.35562575,0.4232726,0.22497138,0.8023456,2.6319432,-0.72661924,6.3738337
"<1783681702666>" ,-0.35734057,0.4212301,0.22535151,0.80255187,2.633625,-0.72603697,6.3771396
"<1783681702699>" ,-0.3576993,0.4192862,0.224543,0.80363595,2.6353667,-0.7254849,6.3803196
"<1783681702732>" ,-0.35758615,0.42006704,0.22355026,0.8035553,2.6371398,-0.72458947,6.3833785
"<1783681702765>" ,-0.35790634,0.4205394,0.2244994,0.80290073,2.6383193,-0.7236038,6.386124
"<1783681702799>" ,-0.35698587,0.42137405,0.22570369,0.80253524,2.6393592,-0.72239727,6.3886933
"<1783681702832>" ,-0.35402006,0.42247275,0.22635208,0.8030886,2.6403832,-0.721004,6.39113
"<1783681702866>" ,-0.3509739,0.42162597,0.22739568,0.8045744,2.6408784,-0.71971345,6.3928857
"<1783681702900>" ,-0.34851944,0.4198936,0.22799608,0.80637544,2.6408103,-0.7187009,6.393448
"<1783681702933>" ,-0.34759286,0.42009875,0.2268741,0.8069847,2.6406207,-0.7174118,6.3936467
"<1783681702966>" ,-0.3475343,0.41996217,0.22494881,0.80761975,2.6401618,-0.7160385,6.3932185
"<1783681703002>" ,-0.3476534,0.4183949,0.22424458,0.80857724,2.6394083,-0.71513665,6.3928547
"<1783681703034>" ,-0.34825745,0.4179184,0.2242552,0.8085608,2.6385646,-0.7143491,6.392629
"<1783681703067>" ,-0.34900764,0.41897786,0.22333771,0.80794275,2.6379063,-0.71336997,6.392606
"<1783681703100>" ,-0.34856275,0.4201234,0.22228454,0.8078304,2.6374516,-0.71211106,6.393148
"<1783681703134>" ,-0.34680566,0.4201308,0.22325337,0.80831546,2.6369073,-0.71135926,6.3939686
"<1783681703166>" ,-0.34539068,0.4193249,0.22546045,0.808727,2.636036,-0.7108088,6.394735
"<1783681703200>" ,-0.3452162,0.41959777,0.2266383,0.8083307,2.6352606,-0.710204,6.395344
"<1783681703232>" ,-0.34461904,0.42079607,0.22615555,0.80809784,2.6348565,-0.7094454,6.3959985
"<1783681703266>" ,-0.343627,0.42067683,0.22642371,0.80850714,2.634423,-0.7088544,6.396666
"<1783681703301>" ,-0.3423333,0.41888797,0.22771625,0.809621,2.633716,-0.70835716,6.3971596
"<1783681703334>" ,-0.34134886,0.4180238,0.22734867,0.810586,2.6332798,-0.7078956,6.397341
"<1783681703367>" ,-0.34181067,0.4184226,0.225766,0.81062794,2.6328747,-0.70736176,6.3971233
"<1783681703402>" ,-0.3420265,0.41899347,0.22455806,0.8105776,2.6323998,-0.70673335,6.3969126
"<1783681703434>" ,-0.34242827,0.41830954,0.22448584,0.8107812,2.63161,-0.7062298,6.396478
"<1783681703468>" ,-0.34167197,0.4180404,0.22397457,0.81138027,2.6309311,-0.7053646,6.396147
"<1783681703501>" ,-0.3400711,0.41862303,0.22314386,0.811981,2.6302423,-0.703995,6.3960023
"<1783681703534>" ,-0.33831528,0.41947427,0.22277118,0.81237745,2.629402,-0.7024783,6.3958645
"<1783681703571>" ,-0.33595762,0.4203425,0.2228111,0.81289595,2.628321,-0.7010111,6.3955073
"<1783681703602>" ,-0.33313656,0.41975477,0.22302935,0.81429964,2.626943,-0.69934535,6.395217
"<1783681703638>" ,-0.32983997,0.42071682,0.22251593,0.81528497,2.6252677,-0.6972476,6.3947864
"<1783681703669>" ,-0.3270221,0.42258635,0.22241338,0.8154812,2.6229348,-0.695023,6.39374
"<1783681703702>" ,-0.32397997,0.42456236,0.22193097,0.8158005,2.6198463,-0.6927468,6.392299
"<1783681703735>" ,-0.3214471,0.42641434,0.2221548,0.8157756,2.615852,-0.6902361,6.3902535
"<1783681703769>" ,-0.31844133,0.42800733,0.22161014,0.8162682,2.6112862,-0.68704426,6.3875995
"<1783681703802>" ,-0.31577492,0.43079978,0.21958975,0.81638104,2.6063645,-0.68300366,6.384436
"<1783681703835>" ,-0.31242195,0.4339904,0.21602559,0.8169319,2.6013093,-0.6782372,6.3810353
"<1783681703868>" ,-0.30735806,0.43838632,0.21167907,0.8176432,2.59634,-0.67329645,6.377718
"<1783681703902>" ,-0.30211163,0.44153818,0.2096658,0.81842095,2.5908024,-0.66911507,6.374311
"<1783681703934>" ,-0.29804915,0.44141808,0.21000959,0.81988585,2.5844345,-0.66641235,6.370494
"<1783681703970>" ,-0.2944024,0.44305712,0.21022241,0.8202647,2.57796,-0.6646681,6.366539
"<1783681704002>" ,-0.2919419,0.44574857,0.21063901,0.8195787,2.5710974,-0.663249,6.362529
"<1783681704036>" ,-0.29088622,0.4468883,0.211869,0.8190162,2.563659,-0.6632234,6.3581324
"<1783681704070>" ,-0.28969377,0.4479896,0.2130602,0.81852806,2.5561423,-0.663979,6.353698
"<1783681704103>" ,-0.2877805,0.4511235,0.21247128,0.81763434,2.548964,-0.6648401,6.349434
"<1783681704136>" ,-0.2864034,0.45402005,0.21235691,0.8165436,2.5417283,-0.6665135,6.345268
"<1783681704170>" ,-0.2859044,0.4544644,0.21365769,0.81613183,2.5337574,-0.6690118,6.340893
"<1783681704203>" ,-0.28527373,0.4573166,0.21433872,0.8145792,2.5262427,-0.671817,6.3367276
"<1783681704237>" ,-0.28595302,0.45879874,0.21565168,0.8131598,2.518645,-0.6751861,6.3324594
"<1783681704270>" ,-0.2866532,0.4604052,0.2164634,0.81178856,2.5111961,-0.6788019,6.3281884
"<1783681704303>" ,-0.28779662,0.46454614,0.21669072,0.8089593,2.5041332,-0.68210363,6.3241515
"<1783681704335>" ,-0.28773737,0.468292,0.21643838,0.80688554,2.4976974,-0.68576646,6.32036
"<1783681704370>" ,-0.28437024,0.46962535,0.21550079,0.80755496,2.4920928,-0.68959224,6.3169856
"<1783681704403>" ,-0.27829695,0.46834052,0.21322973,0.8110123,2.4879377,-0.6931058,6.3140426
"<1783681704436>" ,-0.27063745,0.46732748,0.20835073,0.8154449,2.4848752,-0.6972291,6.31141
"<1783681704470>" ,-0.26420486,0.46699116,0.20203115,0.81932807,2.4824235,-0.70200324,6.3088236
"<1783681704504>" ,-0.2615559,0.46546343,0.19718023,0.82222396,2.4793723,-0.7076488,6.3057613
"<1783681704537>" ,-0.26430222,0.46169412,0.19529946,0.8239181,2.475686,-0.71413994,6.3024426
"<1783681704571>" ,-0.26940954,0.4601346,0.19269407,0.8237497,2.47225,-0.7202022,6.2989736
"<1783681704604>" ,-0.2727241,0.4607412,0.18758282,0.8234997,2.4696057,-0.72510266,6.2952194
"<1783681704637>" ,-0.27403495,0.46156287,0.18327242,0.82357496,2.4671116,-0.7300249,6.292009
"<1783681704671>" ,-0.27901933,0.45974755,0.18312697,0.8229488,2.4633062,-0.734689,6.2884746
"<1783681704705>" ,-0.28320152,0.46044108,0.18250857,0.82126826,2.4595854,-0.73819476,6.285153
"<1783681704737>" ,-0.2831414,0.4647608,0.17999254,0.8194089,2.4570763,-0.74090827,6.2826514
"<1783681704771>" ,-0.28229183,0.466458,0.17990656,0.81875616,2.4548357,-0.74340904,6.2809215
"<1783681704805>" ,-0.2810919,0.464583,0.18074133,0.82005036,2.4525428,-0.74570554,6.27936
"<1783681704837>" ,-0.27733704,0.4650857,0.1786222,0.8215069,2.4511995,-0.7475612,6.2781954
"<1783681704872>" ,-0.27511856,0.46634263,0.17710948,0.82186776,2.450047,-0.74935234,6.2772636
"<1783681704905>" ,-0.27538958,0.46475464,0.17874765,0.8223217,2.4484868,-0.75169426,6.276371
"<1783681704937>" ,-0.27576557,0.45972323,0.18118583,0.82448745,2.446835,-0.753612,6.275677
"<1783681704971>" ,-0.2742904,0.46058607,0.18117307,0.8245008,2.44611,-0.7546846,6.2751765
"<1783681705006>" ,-0.27830186,0.45731127,0.18601933,0.82390004,2.4440167,-0.75571185,6.274173
"<1783681705038>" ,-0.28572863,0.44484332,0.19743145,0.8255267,2.4401257,-0.75720686,6.272666
"<1783681705072>" ,-0.29606897,0.43668935,0.20783854,0.82368,2.4366589,-0.7576883,6.270922
"<1783681705108>" ,-0.30412188,0.4458717,0.20493478,0.8165232,2.4370134,-0.75518185,6.2695136
"<1783681705139>" ,-0.30730194,0.43812117,0.20770893,0.81882375,2.4363213,-0.7540885,6.2687845
"<1783681705172>" ,-0.30427298,0.43455598,0.21000417,0.82126576,2.4365191,-0.75302976,6.2690973
"<1783681705205>" ,-0.30090788,0.43538055,0.20866653,0.822409,2.4374676,-0.751691,6.269374
"<1783681705239>" ,-0.2999581,0.4344345,0.21001773,0.8229121,2.4372826,-0.75106305,6.2691665
"<1783681705272>" ,-0.30043772,0.4342889,0.2143237,0.8217029,2.4360607,-0.7511999,6.2686152
"<1783681705307>" ,-0.302255,0.43561018,0.21630695,0.8198152,2.4349704,-0.75137806,6.2677135
"<1783681705339>" ,-0.30443528,0.4369138,0.21718088,0.81808186,2.4338508,-0.75150216,6.2666626
"<1783681705373>" ,-0.30701974,0.43786868,0.21853861,0.8162418,2.4327738,-0.7515708,6.265948
"<1783681705406>" ,-0.30817,0.44067916,0.21720491,0.81465036,2.4321477,-0.75128186,6.265405
"<1783681705440>" ,-0.3104234,0.4367893,0.21925277,0.8153408,2.4304495,-0.75174487,6.2648005
"<1783681705473>" ,-0.31065714,0.43519935,0.22352792,0.81494105,2.4292815,-0.75252575,6.2647085
"<1783681705506>" ,-0.3121722,0.43607685,0.2240479,0.8137494,2.428127,-0.7529062,6.264373
"<1783681705540>" ,-0.31562796,0.4368277,0.22443464,0.81190497,2.4266713,-0.75334877,6.263767
"<1783681705574>" ,-0.31848276,0.4373511,0.22541218,0.81023586,2.425571,-0.75369716,6.263099
"<1783681705607>" ,-0.32271168,0.43853703,0.2268276,0.8075219,2.4236891,-0.7542227,6.2621803
"<1783681705640>" ,-0.32670057,0.43958828,0.22714143,0.805255,2.4218316,-0.7544302,6.261186
"<1783681705673>" ,-0.33008063,0.44053394,0.22723225,0.80333185,2.420152,-0.7542165,6.260339
"<1783681705706>" ,-0.3319359,0.44037974,0.22869472,0.8022362,2.4183342,-0.75383306,6.2597184
"<1783681705740>" ,-0.3325702,0.43922433,0.23028189,0.8021529,2.416607,-0.75358045,6.2592816
"<1783681705774>" ,-0.33360934,0.4386487,0.2319185,0.80156463,2.4156997,-0.75355923,6.259028
"<1783681705807>" ,-0.3342154,0.43846616,0.23302133,0.8010921,2.4147236,-0.75341713,6.258821
"<1783681705841>" ,-0.33439347,0.4386166,0.23274183,0.8010167,2.4143052,-0.75314105,6.2587185
"<1783681705874>" ,-0.33490506,0.43923438,0.23375985,0.80016756,2.414304,-0.75282174,6.258683
"<1783681705907>" ,-0.33484316,0.4401286,0.23373638,0.7997088,2.4143336,-0.7523374,6.2585835
"<1783681705941>" ,-0.3349757,0.44202083,0.23325613,0.79874927,2.4146378,-0.75178313,6.258394
"<1783681705975>" ,-0.33531827,0.44478524,0.23351558,0.79699326,2.4152405,-0.7514085,6.2575703
"<1783681706008>" ,-0.33605498,0.44517103,0.23464045,0.7961367,2.4152331,-0.75133514,6.2568626
"<1783681706041>" ,-0.33616912,0.44498247,0.2327579,0.7967463,2.415784,-0.75074935,6.2561927
"<1783681706075>" ,-0.33652744,0.44519156,0.23029011,0.7971952,2.4162982,-0.74991804,6.2550898
"<1783681706108>" ,-0.33681852,0.44437844,0.22960053,0.79772466,2.4164639,-0.7495056,6.254726
"<1783681706142>" ,-0.3359136,0.44336504,0.22880684,0.7988973,2.4166598,-0.74937046,6.2550464
"<1783681706176>" ,-0.33496773,0.44381678,0.23088801,0.79844475,2.4169462,-0.74962026,6.256471
"<1783681706207>" ,-0.33449513,0.44399592,0.23440908,0.7975168,2.4165552,-0.74963176,6.258185
"<1783681706242>" ,-0.33226135,0.44524783,0.23609184,0.7972562,2.41649,-0.7489569,6.260326
"<1783681706276>" ,-0.32937893,0.44582546,0.23873807,0.7973414,2.4164944,-0.7477619,6.2624254
"<1783681706309>" ,-0.3259729,0.44630995,0.23968546,0.79818547,2.417,-0.74631214,6.26462
"<1783681706341>" ,-0.32269618,0.4483712,0.23829657,0.79877734,2.4179688,-0.7444418,6.2667065
"<1783681706376>" ,-0.3202828,0.45080554,0.23762955,0.79857713,2.4189498,-0.74236673,6.268607
"<1783681706408>" ,-0.32011986,0.4553607,0.23368429,0.7972211,2.4203193,-0.7399968,6.2697315
"<1783681706442>" ,-0.32273322,0.46058118,0.2302493,0.79416215,2.4212165,-0.7377713,6.2702518
"<1783681706476>" ,-0.32557702,0.46657223,0.22879773,0.7899124,2.4218268,-0.73580897,6.2711782
"<1783681706508>" ,-0.32567802,0.4693202,0.22648972,0.78890735,2.4228919,-0.7343686,6.2723794
"<1783681706542>" ,-0.32440758,0.46929723,0.22521096,0.78981,2.424037,-0.73325247,6.2740297
"<1783681706576>" ,-0.32206497,0.46622,0.22403374,0.79291993,2.4253376,-0.7322799,6.27642
"<1783681706609>" ,-0.31894013,0.46391237,0.22252135,0.7959565,2.427227,-0.73085076,6.278958
"<1783681706642>" ,-0.31828544,0.46475226,0.22238153,0.7957676,2.4288495,-0.72890717,6.2814403
"<1783681706677>" ,-0.31673345,0.46504307,0.22077449,0.79666394,2.4308794,-0.7268506,6.2842927
"<1783681706709>" ,-0.31397703,0.46664605,0.21935038,0.79721093,2.4338334,-0.7236076,6.2879124
"<1783681706742>" ,-0.31256953,0.4683415,0.21825175,0.79707134,2.43681,-0.71977186,6.2918987
"<1783681706776>" ,-0.31126848,0.47003466,0.217045,0.79691327,2.440053,-0.7154023,6.2965374
"<1783681706809>" ,-0.30925882,0.47494122,0.21676406,0.7948604,2.4434578,-0.7109399,6.3023977
"<1783681706844>" ,-0.3070694,0.47948948,0.21629496,0.79310447,2.4467988,-0.7065203,6.3093543
"<1783681706877>" ,-0.30434507,0.48358494,0.2176042,0.7913078,2.4498763,-0.7023222,6.31756
"<1783681706910>" ,-0.29983473,0.48712787,0.2216435,0.789734,2.4527462,-0.6984071,6.3268523
"<1783681706944>" ,-0.29476044,0.4881341,0.22528963,0.78999114,2.4554863,-0.6949858,6.3366284
"<1783681706977>" ,-0.29055637,0.49009356,0.22788727,0.78959024,2.4581537,-0.691794,6.3457603
"<1783681707011>" ,-0.28763244,0.49443853,0.22997048,0.78734475,2.461012,-0.6885408,6.354847
"<1783681707044>" ,-0.28706214,0.49770692,0.22880769,0.78583086,2.4639256,-0.6852157,6.3633375
"<1783681707077>" ,-0.28700712,0.5015795,0.2252533,0.7844143,2.4668496,-0.6820615,6.371352
"<1783681707111>" ,-0.28615865,0.5057523,0.22276375,0.7827541,2.4695687,-0.6792428,6.3792515
"<1783681707145>" ,-0.28655988,0.50682616,0.21965529,0.7827913,2.4716039,-0.6768131,6.3866434
"<1783681707178>" ,-0.28577203,0.5081072,0.21617094,0.7832187,2.472707,-0.6750408,6.3934007
"<1783681707211>" ,-0.2838447,0.5103495,0.21374792,0.78312665,2.4737823,-0.6739218,6.40047
"<1783681707245>" ,-0.28356954,0.5103867,0.2109411,0.7839628,2.4738457,-0.6734948,6.4068437
"<1783681707279>" ,-0.282678,0.5116344,0.20853247,0.78411573,2.4731162,-0.67383975,6.4124
"<1783681707312>" ,-0.28143436,0.5133541,0.20586613,0.78414375,2.4721055,-0.67479426,6.417624
"<1783681707344>" ,-0.28116357,0.51408166,0.20351519,0.7843779,2.4702125,-0.67653203,6.422213
"<1783681707379>" ,-0.28179005,0.5148271,0.2016063,0.7841571,2.4674044,-0.6786838,6.4269476
"<1783681707411>" ,-0.28300518,0.51539224,0.19879459,0.784066,2.4643104,-0.68199426,6.4299994
"<1783681707445>" ,-0.28619745,0.51577586,0.19628645,0.78328663,2.4607298,-0.6857372,6.4320726
"<1783681707478>" ,-0.28958064,0.5163148,0.19279675,0.78255445,2.45758,-0.68971103,6.4338293
"<1783681707511>" ,-0.29214126,0.51631916,0.18783037,0.78280765,2.4552815,-0.6937681,6.43548
"<1783681707545>" ,-0.29272282,0.5161154,0.18271025,0.7839357,2.4532235,-0.69815373,6.4371476
"<1783681707578>" ,-0.29296857,0.5158424,0.1798793,0.7846779,2.451078,-0.70301026,6.438788
"<1783681707611>" ,-0.29454538,0.51493907,0.17969982,0.78472203,2.4484332,-0.7082983,6.4398327
"<1783681707645>" ,-0.29566497,0.5141696,0.17886007,0.7849974,2.4460638,-0.71398455,6.4406776
"<1783681707679>" ,-0.29605132,0.5139754,0.17800096,0.7851742,2.444818,-0.7194892,6.442418
"<1783681707712>" ,-0.29886115,0.5131386,0.17769083,0.78472716,2.443107,-0.7251635,6.442869
"<1783681707745>" ,-0.3025413,0.5124802,0.17564459,0.7842077,2.442138,-0.7302807,6.4429693
"<1783681707780>" ,-0.30386,0.5132638,0.17407946,0.7835341,2.4425247,-0.7349517,6.4441805
"<1783681707812>" ,-0.3029683,0.51298463,0.17392962,0.7840952,2.4433079,-0.73966306,6.445798
"<1783681707846>" ,-0.3009811,0.513727,0.17679851,0.7837329,2.4440675,-0.74477136,6.447771
"<1783681707880>" ,-0.2995975,0.5150707,0.18283765,0.78199357,2.4449925,-0.75019985,6.4499607
"<1783681707913>" ,-0.29827443,0.51537627,0.18630096,0.7814804,2.4463527,-0.75476193,6.4518805
"<1783681707946>" ,-0.293836,0.5166308,0.18461187,0.78273326,2.4490545,-0.7569382,6.4536414
"<1783681707980>" ,-0.28730834,0.5155132,0.1816799,0.7865701,2.451781,-0.7573179,6.455446
"<1783681708013>" ,-0.28412274,0.51590955,0.18023033,0.78779984,2.4532607,-0.75743,6.4567103
"<1783681708046>" ,-0.28264055,0.51642984,0.18257344,0.78745246,2.4535985,-0.7584722,6.4579477
"<1783681708080>" ,-0.28312853,0.5173722,0.18752044,0.7854937,2.4537165,-0.7597008,6.45919
"<1783681708112>" ,-0.28417814,0.517636,0.19089599,0.7841266,2.4542675,-0.75998217,6.460163
"<1783681708146>" ,-0.28297356,0.5171283,0.19058126,0.78497326,2.4555697,-0.758988,6.460889
"<1783681708181>" ,-0.28193682,0.51772875,0.1912195,0.7847953,2.4568686,-0.7580414,6.4614406
"<1783681708213>" ,-0.2832197,0.51780385,0.19344555,0.7837376,2.4577057,-0.75808454,6.461501
"<1783681708247>" ,-0.28672817,0.51794934,0.19492735,0.78199667,2.4585254,-0.75820524,6.4609175
"<1783681708280>" ,-0.2887118,0.51832193,0.19600928,0.7807485,2.459339,-0.75787675,6.4600368
"<1783681708314>" ,-0.2901455,0.5178353,0.19753633,0.7801548,2.4604044,-0.7578832,6.4592957
"<1783681708348>" ,-0.29232067,0.51807684,0.1971932,0.7792688,2.4615252,-0.7576662,6.4582777
"<1783681708381>" ,-0.29342762,0.5202201,0.19637826,0.777629,2.462794,-0.7571379,6.457369
"<1783681708415>" ,-0.29383484,0.5212791,0.19781469,0.7764011,2.4636168,-0.75670767,6.456693
"<1783681708448>" ,-0.2937886,0.51942843,0.20140624,0.77673537,2.4639072,-0.756434,6.4562445
"<1783681708482>" ,-0.29370332,0.5179267,0.20427456,0.77702135,2.4641066,-0.75586563,6.45583
"<1783681708515>" ,-0.29293665,0.5205906,0.20533846,0.7752481,2.465236,-0.75480574,6.45593
"<1783681708548>" ,-0.2919109,0.5255544,0.20694219,0.77185196,2.4666545,-0.75371337,6.4566813
"<1783681708582>" ,-0.2911278,0.52777165,0.21194461,0.7692731,2.467699,-0.7536439,6.458062
"<1783681708614>" ,-0.2937028,0.5268502,0.22159518,0.76620036,2.4676497,-0.7547724,6.4598107
"<1783681708649>" ,-0.29605934,0.5279624,0.23078223,0.7618032,2.4681833,-0.7557525,6.4618406
"<1783681708681>" ,-0.29778615,0.52652895,0.23885535,0.7596307,2.4696336,-0.7560028,6.463948
"<1783681708714>" ,-0.29999542,0.5225385,0.24418639,0.7598219,2.4720855,-0.75521064,6.4661126
"<1783681708748>" ,-0.30022404,0.522736,0.24564679,0.75912464,2.4762409,-0.7529171,6.468596
"<1783681708782>" ,-0.30177486,0.51788366,0.24898285,0.760747,2.480311,-0.75034094,6.470892
"<1783681708815>" ,-0.3068437,0.5081696,0.25492322,0.7632986,2.4839957,-0.74790585,6.4727945
"<1783681708848>" ,-0.3132971,0.50154054,0.26080567,0.76307434,2.4883118,-0.7452858,6.474813
"<1783681708882>" ,-0.31972855,0.49632484,0.26620835,0.7619504,2.4938056,-0.7423761,6.477666
"<1783681708916>" ,-0.32444957,0.4947412,0.2695959,0.75979054,2.5001128,-0.73875403,6.480354
"<1783681708949>" ,-0.32763994,0.49418712,0.271209,0.75820637,2.5069766,-0.73436177,6.483079
"<1783681708983>" ,-0.32858628,0.49461657,0.2717212,0.75733286,2.5143304,-0.729308,6.486006
"<1783681709016>" ,-0.32571164,0.49582523,0.27361605,0.7571021,2.5219443,-0.7240872,6.489312
"<1783681709049>" ,-0.32186794,0.49030924,0.27863348,0.76050067,2.528407,-0.71926117,6.4921985
"<1783681709084>" ,-0.31843302,0.48144776,0.28241575,0.7661918,2.5343144,-0.71469885,6.4943037
"<1783681709116>" ,-0.3172154,0.4747557,0.28524107,0.76981753,2.5399075,-0.7104056,6.495658
"<1783681709150>" ,-0.318333,0.4696532,0.28702775,0.7718193,2.5450363,-0.70657015,6.496604
"<1783681709182>" ,-0.32195225,0.46623117,0.28806728,0.7720055,2.5496447,-0.7034245,6.4970613
"<1783681709216>" ,-0.3279934,0.46534663,0.28893888,0.76966685,2.5538104,-0.70067817,6.497271
"<1783681709250>" ,-0.33351022,0.46525094,0.28952268,0.76713043,2.5580237,-0.69837767,6.497737
"<1783681709283>" ,-0.33953768,0.46289533,0.2914044,0.76519644,2.5629613,-0.6965,6.498449
"<1783681709316>" ,-0.34755996,0.46117696,0.29312283,0.7619691,2.5664036,-0.6953117,6.49857
"<1783681709350>" ,-0.3569139,0.46173257,0.29364467,0.75709194,2.5696678,-0.6940912,6.4984317
"<1783681709383>" ,-0.36551568,0.46092582,0.2907842,0.7545795,2.5732257,-0.6926176,6.4981623
"<1783681709418>" ,-0.37328818,0.45794556,0.28532812,0.7546719,2.5769107,-0.6911818,6.497402
"<1783681709450>" ,-0.3793434,0.4537194,0.27874613,0.75666225,2.5803044,-0.69013214,6.4962645
"<1783681709483>" ,-0.38291383,0.45116436,0.27165827,0.758966,2.5838692,-0.6891932,6.4959564
"<1783681709517>" ,-0.38697,0.44892925,0.2670713,0.7598616,2.586313,-0.6889263,6.4949303
"<1783681709551>" ,-0.39108542,0.4465325,0.26449254,0.76006883,2.588213,-0.68867385,6.4938955
"<1783681709584>" ,-0.39127055,0.44562703,0.25981075,0.76211697,2.5907946,-0.68764263,6.4934144
"<1783681709618>" ,-0.39103875,0.44388178,0.25642434,0.76439786,2.5931597,-0.6862774,6.493275
"<1783681709651>" ,-0.38965234,0.44252384,0.2536222,0.7668243,2.5955918,-0.6845473,6.4934072
"<1783681709686>" ,-0.38436475,0.44222578,0.24981344,0.7709042,2.5990455,-0.68232137,6.494003
"<1783681709717>" ,-0.37931225,0.4408413,0.24832076,0.7746728,2.6015306,-0.68055224,6.494767
"<1783681709752>" ,-0.37669498,0.43656132,0.25143418,0.7773647,2.6023383,-0.67979056,6.495318
"<1783681709785>" ,-0.3766556,0.43272716,0.25485337,0.7784134,2.6025305,-0.67939395,6.4954104
"<1783681709816>" ,-0.37649357,0.43139693,0.2558402,0.77890635,2.6030989,-0.67856854,6.4953747
"<1783681709852>" ,-0.37446746,0.43155387,0.25474414,0.7801543,2.6045773,-0.6770007,6.4958224
"<1783681709885>" ,-0.37015668,0.4329574,0.25331807,0.78189635,2.6062489,-0.6756691,6.4965906
"<1783681709919>" ,-0.36412904,0.43248188,0.25366843,0.7848705,2.6082115,-0.6736984,6.4980125
"<1783681709952>" ,-0.35926852,0.42993328,0.25558653,0.7878826,2.609966,-0.67182934,6.4994574
"<1783681709985>" ,-0.35581714,0.43025503,0.25593382,0.7891594,2.6117148,-0.6697892,6.500797
"<1783681710018>" ,-0.3510032,0.43114027,0.25410336,0.7914204,2.6141245,-0.6674592,6.50213
"<1783681710053>" ,-0.34714052,0.4296479,0.25395745,0.7939784,2.616097,-0.66583234,6.5031986
"<1783681710086>" ,-0.3454557,0.4277351,0.25488725,0.79544675,2.6170077,-0.6641064,6.5035043
"<1783681710120>" ,-0.34576416,0.42777798,0.2556614,0.7950411,2.6177437,-0.6633989,6.503637
"<1783681710153>" ,-0.3473064,0.42758733,0.255903,0.7943935,2.618277,-0.66307455,6.503443
"<1783681710186>" ,-0.34849313,0.42667368,0.25580934,0.79439515,2.6194713,-0.66223913,6.503376
"<1783681710220>" ,-0.34865832,0.42558023,0.2545287,0.79532,2.6203098,-0.6618833,6.503148
"<1783681710253>" ,-0.34749493,0.42491978,0.2521244,0.79694647,2.6211648,-0.6613832,6.502965
"<1783681710288>" ,-0.34711912,0.4245028,0.25036997,0.79788506,2.6215422,-0.6609708,6.502627
"<1783681710319>" ,-0.34751454,0.42452547,0.24876103,0.79820406,2.621418,-0.66091406,6.502293
"<1783681710353>" ,-0.34815717,0.42459813,0.247024,0.7984248,2.6213808,-0.6605747,6.5017533
"<1783681710386>" ,-0.3490908,0.42406628,0.2455075,0.79876745,2.6213768,-0.65992546,6.50092
"<1783681710418>" ,-0.3487809,0.4234058,0.24359049,0.79983944,2.6215315,-0.6589561,6.500224
"<1783681710453>" ,-0.34720892,0.42333737,0.24058837,0.80146646,2.622032,-0.6577393,6.499641
"<1783681710487>" ,-0.34518114,0.4224961,0.23722772,0.8037848,2.622605,-0.65664405,6.498817
"<1783681710519>" ,-0.34427822,0.4211955,0.2339706,0.8058068,2.622834,-0.65555984,6.4976325
"<1783681710554>" ,-0.34519997,0.420669,0.23072876,0.80662185,2.622755,-0.6546711,6.496116
"<1783681710587>" ,-0.34661487,0.4199292,0.2269855,0.80746216,2.6224296,-0.65401995,6.494383
"<1783681710622>" ,-0.3485758,0.41847706,0.22354287,0.8083319,2.6222866,-0.6535599,6.4928703
"<1783681710654>" ,-0.34988657,0.4165716,0.22082369,0.8094964,2.622386,-0.65327734,6.4917645
"<1783681710687>" ,-0.350868,0.41442004,0.21959609,0.8105092,2.622607,-0.6532792,6.490947
"<1783681710720>" ,-0.35169786,0.41215596,0.21993506,0.8112118,2.6229029,-0.653446,6.4903316
"<1783681710754>" ,-0.35228294,0.40983936,0.22058839,0.8119539,2.6233327,-0.6532667,6.489705
"<1783681710789>" ,-0.35257375,0.40850917,0.22084635,0.81242776,2.6240842,-0.6532777,6.489016
"<1783681710821>" ,-0.3537711,0.40734643,0.22086826,0.8124851,2.6250217,-0.6535623,6.488045
"<1783681710855>" ,-0.35514894,0.40623593,0.2206145,0.81250894,2.62618,-0.6537981,6.486808
"<1783681710889>" ,-0.35604563,0.40455717,0.2197757,0.8131812,2.627716,-0.65418404,6.4854355
"<1783681710920>" ,-0.35643965,0.40208,0.21804741,0.814701,2.629252,-0.6542634,6.4837575
"<1783681710955>" ,-0.35759753,0.4005916,0.21509695,0.81571054,2.6306393,-0.6540316,6.481835
"<1783681710988>" ,-0.35995737,0.39893678,0.21211374,0.8162646,2.631621,-0.65399104,6.480009
"<1783681711021>" ,-0.3612331,0.39786124,0.21003075,0.8167644,2.6325002,-0.6538449,6.478559
"<1783681711055>" ,-0.36164021,0.39748138,0.20949283,0.81690735,2.633217,-0.6538427,6.4777217
"<1783681711087>" ,-0.36180943,0.39505005,0.21144411,0.8175089,2.6340857,-0.6542285,6.4769397
"<1783681711122>" ,-0.36022276,0.3951294,0.21266492,0.81785446,2.6347659,-0.6542126,6.477303
"<1783681711154>" ,-0.35858628,0.39573127,0.21373583,0.8180034,2.6353102,-0.6541572,6.4777794
"<1783681711192>" ,-0.35720384,0.39511603,0.2149494,0.8185875,2.6356869,-0.65424037,6.476936
